stamp,x,y,z,qx,qy,qz,qw
0.000000,0.0,0.0,0.0,0.0,0.0,0.0,1.0
1781893146.302269,0.02612803503870964,0.05370621383190155,0.15155473351478577,0.006075936572764859,0.04540765509249233,6.859716553181083e-05,0.998950071801215
1781893148.202373,0.03227078914642334,0.05348452180624008,0.1501648724079132,0.006184449824422487,0.04546708968369705,0.00013653834748700617,0.9989466633013931
1781893148.602200,0.02688015252351761,0.05227525904774666,0.1542772799730301,0.006162715288846729,0.04594929768028755,0.00013346784673062945,0.9989247427150046
1781893149.202593,0.03190736472606659,0.053830113261938095,0.15139371156692505,0.006217131450335891,0.045684250813741584,0.00015416255342283808,0.9989365645268625
1781893149.302407,0.027347330003976822,0.05206093564629555,0.15465417504310608,0.006189099883907236,0.04602785739752341,0.00010702215787578848,0.998920976114645
1781893149.602526,0.03140993043780327,0.054209209978580475,0.15132108330726624,0.006203582931313217,0.045681619596459236,0.000157502185891575,0.9989367733651835
1781893149.702437,0.02709033712744713,0.05159614235162735,0.15470774471759796,0.0062061894895839775,0.046039766692034786,7.70714576724742e-05,0.9989203346723765
1781893150.102628,0.031429190188646317,0.053727928549051285,0.15184442698955536,0.006181985253437767,0.04567580218845894,0.00015966120740338368,0.9989371761246792
1781893150.402252,0.027535689994692802,0.05086253583431244,0.1546325981616974,0.006206718143416178,0.046025648122449206,0.00010147095773049112,0.9989209686560164
1781893151.702191,0.03177632763981819,0.05226597562432289,0.15133264660835266,0.006164672093571106,0.04565383084453618,0.0001869431716588815,0.9989382874417049
1781893151.802577,0.025996163487434387,0.051962584257125854,0.15490905940532684,0.006235190325747487,0.04605958601123493,8.214280610733057e-05,0.9989192457113029
1781893153.502429,0.03170778602361679,0.053522635251283646,0.15159396827220917,0.006207932876070244,0.04573755013155417,0.00018804261942613744,0.9989341852586233
1781893153.702301,0.027714485302567482,0.05153953656554222,0.15452943742275238,0.006240654020368147,0.04600372147092357,9.267610292409888e-05,0.9989217816462129
1781893154.102318,0.03209758922457695,0.055431101471185684,0.15196433663368225,0.00619711305627329,0.045743745022372946,0.0002028196646930663,0.9989339689612297
1781893154.302624,0.02352387085556984,0.05242099240422249,0.15709061920642853,0.006012741893900295,0.04737764590473139,-0.000835836942533459,0.9988586125739186
1781893155.302610,-0.29168900847435,0.018736034631729126,0.21288804709911346,0.027365127122881604,0.054672331875075336,-0.006522170350161128,0.9981079754724121
1781893155.702439,-0.42267364263534546,0.007636512164026499,0.23261535167694092,0.037746546762734416,0.060182662939019284,0.0030381767198813217,0.9974687921451196
1781893156.202374,-0.596224844455719,-0.007581903133541346,0.2468973845243454,0.04500719460511641,0.060141271162477146,0.003926470144961235,0.9971669717204091
1781893156.402372,-0.6793553829193115,-0.0007552756578661501,0.2737486660480499,0.03813294797293973,0.05347601728827477,0.011121217732368408,0.9977787949257286
1781893156.902393,-0.8528726696968079,-0.011820240877568722,0.2636367976665497,0.03611037487929367,0.04135356174257344,0.02356903168537501,0.9982136178373915
1781893157.102186,-0.9059965014457703,-0.016574013978242874,0.2594211995601654,0.023849213482219245,0.04398668123744177,0.026717231637396113,0.9983899894717229
1781893157.202543,-0.9216568470001221,-0.016607556492090225,0.2929210364818573,0.019503774118269986,0.04452820736562734,0.024492005820143367,0.9985173827737043
1781893158.102384,-1.2714684009552002,-0.006028488744050264,0.33090177178382874,0.0060848886721702085,0.03459113463026657,0.022869921549678665,0.9991213171657312
1781893158.302377,-1.3349261283874512,-0.035531193017959595,0.3388999104499817,0.0009217110160865843,0.03624983531576429,0.025216936598198115,0.9990241161653631
1781893158.702412,-1.4986565113067627,-0.02318427339196205,0.3477509617805481,-0.00890734143074484,0.02999772267936863,0.049154869092895445,0.998300844789228
1781893158.902182,-1.5573666095733643,-0.025540504604578018,0.38808709383010864,-0.0049703352276282455,0.03379234954829304,0.051557831785391556,0.9980857528012126
1781893160.102242,-2.0066051483154297,-0.10701150447130203,0.4155696928501129,-0.0035207421155453848,0.02120538309566163,0.06830991047521563,0.9974325420639584
1781893160.502224,-2.129432439804077,-0.14036604762077332,0.4295521676540375,0.005063256048987083,0.039779415184706984,0.061620800711018366,0.9972937442866011
1781893160.702337,-2.2534055709838867,-0.11713369935750961,0.41100412607192993,-0.0026192403000854575,0.038136994695246305,0.06868194630508101,0.9969059718113007
1781893161.202224,-2.408159017562866,-0.1707685887813568,0.4489331841468811,-0.009217945613837495,0.0313401089076635,0.06993137912106343,0.9970167558504578
1781893161.902394,-2.6621885299682617,-0.21348987519741058,0.49385708570480347,0.008411265820016334,0.01927548333015437,0.06034038825023733,0.9979562811597401
1781893162.102190,-2.738072633743286,-0.2254067063331604,0.455007404088974,0.0026090776310538576,0.02157603624171925,0.058094608362798644,0.9980744882485083
1781893162.502433,-2.8981330394744873,-0.23097111284732819,0.5048930048942566,-0.004600775435836208,0.02508170791027403,0.05864434165801852,0.9979532052294668
1781893163.002320,-3.0780699253082275,-0.24262560904026031,0.5345207452774048,-0.01194375325534989,0.026985880268129866,0.0578371837000569,0.9978897508536602
1781893163.302508,-3.201573371887207,-0.2566128969192505,0.5276398658752441,-0.012717794439281708,0.021338421705138146,0.060735851748487966,0.997844712895979
1781893163.702366,-3.3581066131591797,-0.27970173954963684,0.5259700417518616,-0.014796968443362311,0.023008675532737735,0.06295741413306988,0.9976412327651095
1781893164.102484,-3.488877058029175,-0.2996794283390045,0.569502055644989,-0.016048722274000574,0.02474662311755912,0.06343292160534902,0.9975501464844598
1781893164.302143,-3.5613033771514893,-0.3080306053161621,0.5739578008651733,-0.015373604149129225,0.024585560950008273,0.06128788621914104,0.9976988482361289
1781893164.602381,-3.682941198348999,-0.31969210505485535,0.5747309923171997,-0.017204454766962217,0.029444666752692146,0.06125584334375946,0.9975393389590808
1781893164.902340,-3.786449909210205,-0.32463526725769043,0.5964384078979492,-0.02091384612228807,0.028819407896879156,0.06331486457302246,0.9973581629014538
1781893165.002428,-3.826763391494751,-0.3304694592952728,0.5965915322303772,-0.02087499713816959,0.026522802042151357,0.062232241370356586,0.997490826889634
1781893165.602191,-4.010623455047607,-0.3743094801902771,0.627738893032074,-0.023176457135790585,0.026242669595964833,0.05664260840148654,0.9977804227667426
1781893165.902503,-4.1617045402526855,-0.370688796043396,0.6284454464912415,-0.019401536407729122,0.024737169632908344,0.04599642657076845,0.9984467782080485
1781893166.302237,-4.322947025299072,-0.3881066143512726,0.6422391533851624,-0.021338220472009294,0.0261709765305218,0.03998399121163974,0.9986295772017371
1781893166.602076,-4.361238479614258,-0.39572790265083313,0.6346117258071899,-0.01688332852333436,0.040962848328813216,0.028563661608929435,0.9986095820440141
1781893168.002161,-4.831482410430908,-0.505273699760437,0.7721178531646729,0.0023668295514291684,0.05768505449957928,0.09229858907366845,0.9940562409147227
1781893168.902436,-5.135159015655518,-0.6178537011146545,0.7678292393684387,0.029041159761973197,0.0643737045316628,0.10097061399588089,0.9923797556321967
1781893169.302237,-5.260552406311035,-0.6322910785675049,0.8056443333625793,0.026598402761833503,0.08113814067507363,0.10261159441013203,0.9910499254063934
1781893169.702146,-5.372463226318359,-0.6819078922271729,0.8280536532402039,0.023607090339136775,0.09119780659804315,0.10701652406950096,0.9897843792459122
1781893170.002069,-5.439115524291992,-0.7016932964324951,0.867923378944397,0.025383338798194047,0.09627519711589252,0.09808685537566703,0.9901846999249376
1781893170.202297,-5.498513698577881,-0.7123894095420837,0.8634922504425049,0.025301095476762788,0.0976759192602925,0.08707087643948314,0.9910791845091815
1781893170.502077,-5.601431369781494,-0.7214215993881226,0.8769381046295166,0.019713073886502976,0.09957809825501868,0.07171833666262252,0.9922459802889744
1781893170.702357,-5.644886016845703,-0.7280558347702026,0.9076862931251526,0.015627884696063552,0.09356620100264275,0.057058491670598496,0.993853844309169
1781893171.102265,-5.766698360443115,-0.7359354496002197,0.9417570233345032,0.012741489441387482,0.0899806243206627,0.024001620006692814,0.9955727430112812
1781893171.302068,-5.8576130867004395,-0.7459075450897217,0.9434889554977417,0.011740134539055013,0.0792067259691258,0.009600664467981263,0.9967428299153477
1781893171.902152,-6.06823205947876,-0.7286440134048462,0.9802481532096863,-0.005434740341063137,0.07803353841321597,-0.012638665163555798,0.9968557995708003
1781893172.302121,-6.199036598205566,-0.7189086675643921,1.0284359455108643,-0.004816625188824202,0.07695864127205793,-0.025491990420495936,0.9966967010690506
1781893173.402176,-6.6223649978637695,-0.6827072501182556,1.0824133157730103,-0.018654470466553472,0.07095602620279892,-0.03027421795112229,0.9968453881221483
1781893173.602130,-6.677089691162109,-0.6642297506332397,1.1102564334869385,-0.022582002192391405,0.06778955656326949,-0.029871933204974315,0.9969966386706816
1781893174.102345,-6.836482048034668,-0.6653382778167725,1.136513113975525,-0.02215327406747872,0.0609280116216127,-0.04894459967367157,0.9966952433896209
1781893174.202193,-6.894057273864746,-0.6558275818824768,1.136090874671936,-0.02333780190893081,0.06038686381520926,-0.053877055712321584,0.9964466741316981
1781893174.502325,-6.998558521270752,-0.6359190344810486,1.160841941833496,-0.021439867935339058,0.05602764731218369,-0.06550403918545089,0.9960474190502316
1781893175.002318,-7.209436893463135,-0.5884195566177368,1.1693400144577026,-0.027632739605513233,0.05009910089836954,-0.0723542018159929,0.9957366228361553
1781893175.201976,-7.287794589996338,-0.5919957160949707,1.1793512105941772,-0.03842909414875451,0.04528147893241759,-0.07098295024372024,0.9957078747282483
1781893175.402401,-7.353002071380615,-0.5551221966743469,1.209930181503296,-0.03525311593311559,0.035714220608876454,-0.07756657791807565,0.9957234012040302
1781893175.702086,-7.485683441162109,-0.5646587014198303,1.2003201246261597,-0.03511184244960651,0.03204648085168437,-0.08031112276652246,0.9956356191817151
1781893176.102086,-7.619813442230225,-0.5358891487121582,1.2413277626037598,-0.022216384808581298,0.029460900680054546,-0.0919419458903775,0.9950804773808883
1781893176.202301,-7.666205406188965,-0.5426316857337952,1.2355363368988037,-0.019829503953313683,0.03199293579885785,-0.09140429247028775,0.9951022505458061
1781893176.702327,-7.824342727661133,-0.5080878734588623,1.259129285812378,-0.02798236364911735,0.043449717906693816,-0.09789143649739397,0.9938543165983983
1781893176.802135,-7.849139213562012,-0.5146386027336121,1.2745667695999146,-0.02288260816767534,0.05010969659363625,-0.09936804962161871,0.9935247315888374
1781893177.102330,-7.943908214569092,-0.48246949911117554,1.274312138557434,-0.02039951931927866,0.055906805862920586,-0.1024560753597706,0.9929556989074731
1781893177.302057,-8.01751708984375,-0.4702959954738617,1.30948805809021,-0.014974887195057645,0.0579608450899489,-0.10705071060446794,0.9924496882487994
1781893177.402032,-8.080385208129883,-0.4376510977745056,1.2958123683929443,-0.011204648809508494,0.05811987303206985,-0.10584636562589432,0.992619292851571
1781893177.602329,-8.144968032836914,-0.4722646176815033,1.3160072565078735,-0.0110472568750127,0.05572056911149307,-0.09346847104303224,0.9940003931334503
1781893178.002437,-8.289222717285156,-0.40812182426452637,1.3337165117263794,-0.014142223628496093,0.05052049006813854,-0.08769124581794667,0.9947652297310151
1781893178.202100,-8.350284576416016,-0.43229979276657104,1.3369182348251343,-0.01122179889146046,0.051551790111847,-0.08245755444066108,0.9951970870386282
1781893178.602136,-8.492233276367188,-0.3824046552181244,1.357940673828125,0.0002546078476058136,0.0514288687364401,-0.0911698638217027,0.9945064463672598
1781893178.802105,-8.574896812438965,-0.3834364712238312,1.3621265888214111,-0.005717282917009963,0.046912206720958194,-0.08835804462707926,0.9949670365758304
1781893179.102091,-8.665990829467773,-0.3693079352378845,1.3978129625320435,-0.0066519346771827395,0.05120192881301436,-0.08891882739635845,0.994699729379253
1781893179.202011,-8.696210861206055,-0.36117398738861084,1.4076931476593018,-0.0021564775245941073,0.051547225058554774,-0.09092569852412752,0.9945203584252926
1781893179.702104,-8.880223274230957,-0.32606539130210876,1.4250606298446655,-0.005556614601281151,0.05324210977835586,-0.08948737954479545,0.9945483392773985
1781893180.102077,-9.018735885620117,-0.3211510181427002,1.4335376024246216,-0.0017416936718879772,0.06109265611780953,-0.08773270299120095,0.9942673937719901
1781893180.402018,-9.130602836608887,-0.2978728711605072,1.4612150192260742,-0.011047236821019097,0.051382710498520695,-0.08886510815550558,0.9946561200066526
1781893180.702210,-9.256926536560059,-0.28043508529663086,1.4545382261276245,-0.008160111360325937,0.05064156562376057,-0.08711970824980243,0.9948763569969856
1781893180.902031,-9.318828582763672,-0.26001235842704773,1.4901752471923828,-0.00594613135489093,0.04727538111149894,-0.08841534318181606,0.9949434182957765
1781893181.002196,-9.361014366149902,-0.2524469196796417,1.4795691967010498,-0.006363812436838178,0.046577443464228103,-0.08902392459244925,0.994919492421407
1781893181.302058,-9.466689109802246,-0.22793523967266083,1.499206304550171,-0.011582250299715774,0.042580385222419984,-0.09313215627954362,0.9946754006486747
1781893181.602260,-9.579915046691895,-0.2253521829843521,1.512406349182129,-0.014110853778180396,0.03772859124182225,-0.09612497715886077,0.9945538829136986
1781893181.902069,-9.657754898071289,-0.19140776991844177,1.5428082942962646,-0.011671521172922288,0.05774076767773406,-0.09991748617360742,0.9932503526798854
1781893182.102098,-9.739420890808105,-0.17512883245944977,1.5433086156845093,-0.00876874617763818,0.057424456834857536,-0.10242654236980013,0.9930429825546306
1781893182.302047,-9.811850547790527,-0.1529655009508133,1.5593006610870361,-0.009282695886806823,0.05778852273735124,-0.10348610458214495,0.9929073305740939
1781893182.802068,-9.964700698852539,-0.13211582601070404,1.5986055135726929,-0.005987152499951136,0.06807593811937462,-0.11354336054078619,0.9911799534056305
1781893183.402290,-10.195463180541992,-0.10013055056333542,1.6279109716415405,-0.005632872696928399,0.05476133300238398,-0.11252438258967423,0.9921228357704552
1781893184.002012,-10.41919231414795,-0.05270042270421982,1.662967324256897,-0.003352896463765479,0.04942079208536297,-0.12041253017971068,0.9914873461250104
1781893184.601904,-10.647418022155762,0.008985122665762901,1.6749886274337769,-0.007001347476126627,0.045817063223584115,-0.12355014057104365,0.9912553523593824
1781893184.802358,-10.694257736206055,0.006513380445539951,1.6913690567016602,-0.01686490047452622,0.05264906451780726,-0.1255295719930269,0.9905483041670708
1781893185.002038,-10.780049324035645,0.050394825637340546,1.704889178276062,-0.011807782259055558,0.04677197565336235,-0.13511413221900706,0.9896550411879607
1781893185.802299,-11.068228721618652,0.1183113157749176,1.7203000783920288,-0.013369584372481631,0.05699657494856178,-0.13693707568432567,0.9888482559323741
1781893186.001931,-11.105281829833984,0.13580143451690674,1.7753607034683228,-0.02076262002057306,0.06152745013939882,-0.1411478688499547,0.9878565437347882
1781893186.302209,-11.219125747680664,0.1732693612575531,1.780145287513733,-0.022684189219313994,0.05872393245585673,-0.14407621257876913,0.9875621516551397
1781893186.501928,-11.297188758850098,0.2000574767589569,1.786946177482605,-0.019869590892197017,0.05847954687856379,-0.14812649402351002,0.9870379320564319
1781893186.702225,-11.36172866821289,0.21597033739089966,1.8006598949432373,-0.01849810327534123,0.06658953509634366,-0.1470194493583561,0.9867162337463625
1781893187.002007,-11.461844444274902,0.24597135186195374,1.817665696144104,-0.014618178474802351,0.06288998646584522,-0.15189127642871825,0.9862860717873134
1781893187.402009,-11.586658477783203,0.2852310240268707,1.8389393091201782,-0.025500709170539006,0.06237812271558841,-0.1573938605678178,0.9852339085487143
1781893187.501885,-11.61683464050293,0.3004768490791321,1.8657301664352417,-0.022660062636528117,0.06454541892639115,-0.15937047563485324,0.9848459116473072
1781893188.602138,-11.986817359924316,0.3981025218963623,1.9003361463546753,-0.016274603231071022,0.06566124312786577,-0.1502352580435098,0.986333178516699
1781893188.702322,-12.018331527709961,0.44122084975242615,1.9378440380096436,-0.012345574468697358,0.06523709317596377,-0.1507426151217768,0.9863409060414942
1781893190.102274,-12.49199390411377,0.53047114610672,1.9972609281539917,-0.008333185346542163,0.06277651146569663,-0.11158996975816625,0.9917345064196808
1781893190.801862,-12.751361846923828,0.5796988606452942,2.0134174823760986,-0.0071967494562791366,0.05513139270582165,-0.10570104177135162,0.99284239054283
1781893191.502229,-12.976594924926758,0.6095144748687744,2.0602633953094482,-0.019778517215692685,0.06311503532417212,-0.10177122619296655,0.9926066301824802
1781893191.801999,-13.064367294311523,0.6538731455802917,2.0990583896636963,-0.02163152383534536,0.06348232732868565,-0.10980675861591165,0.9916877088531507
1781893192.002045,-13.128883361816406,0.657219648361206,2.119068145751953,-0.012770544105872887,0.06451503984779107,-0.11022514785041539,0.9917283685439237
1781893192.201883,-13.211007118225098,0.6676309108734131,2.104889392852783,-0.011434246568261596,0.06518768439433387,-0.11419633583377792,0.9912512409303458
1781893193.002066,-13.511513710021973,0.7548091411590576,2.1521782875061035,-0.012823243410492477,0.0609160375840961,-0.09781135668727274,0.9932561360968263
1781893193.402113,-13.700203895568848,0.7478671073913574,2.202493906021118,-0.011003993598995397,0.058220905210137126,-0.09331523896940287,0.9938719710585869
1781893194.001859,-13.850349426269531,0.7657967209815979,2.207613706588745,0.00181253784211124,0.06510428450969716,-0.10131135162377992,0.9927205808844017
1781893194.602034,-14.081787109375,0.8391831517219543,2.2310538291931152,-0.008251866662943554,0.05534661933986578,-0.09321802750672585,0.994071950582739
1781893195.002207,-14.19602108001709,0.827720582485199,2.2884747982025146,-0.012335998368486159,0.06826731966992539,-0.09448837630899572,0.9931058913517766
1781893195.502234,-14.3711519241333,0.8508748412132263,2.341752529144287,0.0059626250909337875,0.06429377424824048,-0.09625451316007406,0.9932601867189895
1781893195.602053,-14.40964412689209,0.8588683605194092,2.3301734924316406,0.010422104112035707,0.06875394052221442,-0.09604883973969858,0.9929445487373876
1781893196.202091,-14.603376388549805,0.9152315855026245,2.3539206981658936,-0.0034389962014285333,0.07827401154179323,-0.1024165821264359,0.9916512474429393
1781893196.501972,-14.723247528076172,0.9372373819351196,2.3791730403900146,-0.0014497486908447085,0.06083229755827545,-0.10052559628538325,0.9930719728639256
1781893196.902137,-14.856609344482422,0.9645321369171143,2.409600257873535,-0.0037978723717132525,0.06006220371416739,-0.11500150702058616,0.9915405927919623
1781893197.302129,-14.988438606262207,0.9861913323402405,2.4482901096343994,0.0006907646996440581,0.05041829114710448,-0.13241650133425364,0.9899107876472026
1781893197.402031,-15.057473182678223,0.9961294531822205,2.4280917644500732,0.004020395618391001,0.04349903110829058,-0.13341166730550744,0.9900974653051681
1781893198.102223,-15.292133331298828,1.064723253250122,2.445211887359619,0.01494938270519052,0.053656884472954525,-0.1453148023591116,0.9878163054458416
1781893198.301899,-15.335443496704102,1.057615876197815,2.5001657009124756,0.011739220354772624,0.060817730518350925,-0.14261500673230287,0.9878382236374039
1781893198.501935,-15.419641494750977,1.0823599100112915,2.4959158897399902,0.020825501669910883,0.05788995629524084,-0.14604830268021624,0.9873626193926717
1781893199.902080,-15.9451322555542,1.2018663883209229,2.556088447570801,0.032155342125721714,0.04200334470969111,-0.1350649047176639,0.9894236795567305
1781893200.401942,-16.13608741760254,1.2238366603851318,2.5735065937042236,0.036846529322751384,0.033825389323112985,-0.1326246413388963,0.9899034718454243
1781893200.802020,-16.23225212097168,1.2429243326187134,2.6320157051086426,0.027207641680245906,0.04594825772672611,-0.12954301502797116,0.9901349019606661
1781893201.101890,-16.33761978149414,1.2825373411178589,2.632366895675659,0.027445177225988878,0.055817309412053234,-0.1297578911758004,0.9895928842518664
1781893201.602101,-16.547637939453125,1.344987154006958,2.661635398864746,0.017508678554660886,0.056460674813570665,-0.09520893770472778,0.9937006008417786
1781893201.901801,-16.642650604248047,1.3080260753631592,2.687649965286255,0.025601806890691567,0.054730431549255505,-0.08107946680760365,0.9948744922463619
1781893202.301809,-16.789518356323242,1.331231951713562,2.704685688018799,0.021817578032708673,0.043764574534035386,-0.07460883828921903,0.9960131369489442
1781893202.801930,-16.994770050048828,1.3566817045211792,2.7286112308502197,0.023841812388675873,0.035827965204415016,-0.05486463595313894,0.9975659280993763
1781893203.201749,-17.129505157470703,1.346481204032898,2.729665994644165,0.028114913302677104,0.042960993789647316,-0.036437910623225336,0.9980161329935852
1781893203.402092,-17.219799041748047,1.3527337312698364,2.778890371322632,0.020720656492887488,0.03597139513439944,-0.028445238652436363,0.9987329786065277
1781893204.101814,-17.517452239990234,1.3582128286361694,2.7617015838623047,0.01898791777880952,0.019959174955286492,-0.008609199872302879,0.9995834108702193
1781893204.302127,-17.598573684692383,1.3406391143798828,2.78753662109375,0.017649891315673186,0.016026910865753037,0.0020546585637336414,0.9997136629955425
1781893204.501731,-17.698598861694336,1.3525036573410034,2.7688047885894775,0.013624515761230842,0.012637956277968885,0.018213945406581136,0.9996614031949388
1781893205.301971,-17.98506736755371,1.2978864908218384,2.8341150283813477,0.013118696993544187,0.017703080085420046,0.05471026825467605,0.9982591242837767
1781893206.801834,-18.552757263183594,1.1160200834274292,2.868861675262451,0.02685393375610558,-6.35114911834904e-05,0.16524518917622033,0.9858868659993257
1781893207.702135,-18.862295150756836,0.9794558882713318,2.8637657165527344,-0.0005373526845604497,0.010232852189159506,0.24228819124028902,0.9701502048441099
1781893208.802024,-19.236698150634766,0.745826244354248,2.881509304046631,0.012747011458521014,0.008703430160670843,0.27559200648809157,0.9611507737346378
1781893209.202173,-19.381511688232422,0.6437437534332275,2.9047820568084717,0.01579992707092193,-0.0063005111488977205,0.28773993384457214,0.9575575179560589
1781893209.501703,-19.47527503967285,0.5668330788612366,2.9436209201812744,0.011649056581051646,0.0022098202764191453,0.30413822680806774,0.9525541253118164
1781893209.801914,-19.578048706054688,0.49903905391693115,2.9175379276275635,0.01323064348042915,0.0044098967326000015,0.31607468467327676,0.9486318037292005
1781893210.602093,-19.833200454711914,0.2782289385795593,2.898301839828491,0.022174607885382416,-0.0038946196417459712,0.35337937248572954,0.9352091297059306
1781893211.801872,-20.155010223388672,-0.06468839198350906,2.924201488494873,0.023444097035633656,-0.0046358372436412915,0.4491797391158342,0.8931217416312789
1781893212.402035,-20.28034019470215,-0.2375325858592987,2.8982133865356445,0.019272952640161285,-0.0002466348607185594,0.5008191425169528,0.8653373097313743
1781893212.601745,-20.302221298217773,-0.287073016166687,2.9357292652130127,0.012282163334873104,0.005546367674604079,0.5187245506664482,0.8548351929099836
1781893213.602005,-20.430801391601562,-0.6098511219024658,2.9589762687683105,0.006463014480278856,0.0027354168277955327,0.5853637535898262,0.8107404408795633
1781893214.001859,-20.476152420043945,-0.7729702591896057,2.9606316089630127,0.014018294510261176,0.008225667372861704,0.5998046614623918,0.7999813783609212
1781893214.601752,-20.554290771484375,-1.0192886590957642,2.9488868713378906,0.014144633963771773,-0.002644359883164805,0.6290796440081226,0.7772076813539773
1781893215.201733,-20.594934463500977,-1.2798024415969849,2.960420608520508,0.02498090244660944,-0.0021466774039469957,0.6601369507016304,0.7507266954653299
1781893215.501854,-20.597965240478516,-1.3763504028320312,2.9612178802490234,0.02172561273914337,0.0060772880039258684,0.6734559905579336,0.7388830104084537
1781893215.802109,-20.570133209228516,-1.474710464477539,2.9774508476257324,0.029792928266941788,0.008574452650681769,0.6806705012270894,0.7319334346982288
1781893216.501743,-20.592267990112305,-1.7491520643234253,3.001103639602661,0.020391629395320746,0.0074768873303303245,0.7040000367476498,0.7098677028266926
1781893217.201992,-20.56258773803711,-1.9989557266235352,2.982640266418457,0.031385479358649514,0.024158825439409982,0.7151994707086234,0.6977972473661258
1781893218.001701,-20.567861557006836,-2.3258917331695557,2.979461193084717,0.03212000902561763,0.008087166281198278,0.7298786164192509,0.6827738149713812
1781893218.201893,-20.573856353759766,-2.4162158966064453,2.9762322902679443,0.03422003464898073,0.010816899122411117,0.7319502429618627,0.6804122623249276
1781893218.401683,-20.557926177978516,-2.4693984985351562,2.9968972206115723,0.03812498738138766,0.008510613796773927,0.7332703076406699,0.6788141707255873
1781893219.301618,-20.53592300415039,-2.8192148208618164,2.9825050830841064,0.03137220438224177,0.01311388442928163,0.7415834525080376,0.6699983633767785
1781893219.801683,-20.502613067626953,-2.967224597930908,3.0014700889587402,0.018980019259966875,0.01357973919884171,0.7437781427251383,0.6680190335136527
1781893219.901978,-20.497058868408203,-3.0233373641967773,3.006129026412964,0.020867389551546527,0.017361333985732745,0.7437950996667287,0.6678562139222061
1781893220.201715,-20.51134490966797,-3.169541597366333,2.984285354614258,0.021160587180515285,0.01793988743068653,0.7488229956476603,0.6621891581310703
1781893220.402060,-20.507667541503906,-3.2143726348876953,2.9817285537719727,0.022004923699850097,0.011024031627091308,0.7492680832628602,0.6618093215813102
1781893221.201813,-20.417922973632812,-3.550266742706299,3.005878448486328,0.03036921860941352,0.02002857382053887,0.7786123296208901,0.6264498434552891
1781893222.102095,-20.33661651611328,-3.8670268058776855,3.0298221111297607,0.0485357837129747,0.015071697231885972,0.7891492557336894,0.6120952631352811
1781893222.701709,-20.288990020751953,-4.06886625289917,2.9852585792541504,0.04953549881166394,0.018570904575146922,0.7956510586068669,0.6034407522922863
1781893223.301783,-20.18924903869629,-4.230067729949951,3.041109561920166,0.05027335325096825,0.02018327653993794,0.8129934786801123,0.5797472115890048
1781893223.501672,-20.184812545776367,-4.353475570678711,3.0305776596069336,0.047542599029562774,0.029133180284118296,0.8172236660077323,0.5736169905748639
1781893223.701903,-20.163801193237305,-4.446467876434326,3.0087180137634277,0.052157576543882034,0.03169244749829289,0.8290592067674963,0.5558200811570209
1781893224.301697,-20.06803321838379,-4.617127895355225,2.992279529571533,0.055718093633863305,0.033279160458893994,0.8393035532470875,0.5397754391346574
1781893224.401583,-20.043474197387695,-4.626219749450684,2.987952709197998,0.05246894454383405,0.028491457412509507,0.8401153226920397,0.5391116603604642
1781893224.701720,-20.004114151000977,-4.7718963623046875,2.987922191619873,0.06079832026159527,0.024635170726634254,0.8424351270220573,0.5347895026884544
1781893225.201607,-19.933250427246094,-4.943039894104004,2.982983112335205,0.06782959629739271,0.020833291720184076,0.8561959334642014,0.5117555051809374
1781893225.501886,-19.84251594543457,-5.0301127433776855,2.996217727661133,0.06906848821883137,0.017645726889551714,0.8711321698256501,0.4858465722688601
1781893225.801944,-19.839624404907227,-5.190504550933838,2.9491512775421143,0.07592641919802011,0.010661024893876535,0.8849165158308632,0.45939557256747104
1781893225.902057,-19.777679443359375,-5.154105186462402,2.9589943885803223,0.07767373610722769,0.004121081482822232,0.886947325095557,0.4552737898368395
1781893226.501728,-19.606298446655273,-5.3190484046936035,2.9603800773620605,0.0816497685565718,0.019246788433184593,0.8909524432788644,0.44628085203229256
1781893226.701695,-19.578947067260742,-5.407517433166504,2.93119740486145,0.08260525292634853,0.01686924813828251,0.893340413401491,0.4414008503561948
1781893227.101656,-19.50874137878418,-5.525135040283203,2.9068245887756348,0.08439066946165404,0.012960282219226701,0.8940563107155974,0.4397425881494535
1781893227.501648,-19.380115509033203,-5.649763584136963,2.9089484214782715,0.08709400018497153,0.007500698762574661,0.8965118919255078,0.4343095665741592
1781893227.801584,-19.315027236938477,-5.73331880569458,2.906792163848877,0.08772551522028252,0.007397424720638222,0.8964844331762092,0.4342409072354552
1781893228.001878,-19.271896362304688,-5.781395435333252,2.9066081047058105,0.0834193475802814,0.020570714097625863,0.897318433337713,0.43294074919220515
1781893228.301601,-19.217628479003906,-5.855197429656982,2.8976986408233643,0.08098766481625254,0.019514588600449675,0.8993187355776017,0.4292854410111029
1781893228.701640,-19.11780548095703,-5.953651428222656,2.883484125137329,0.06604555094878338,0.01967786089279133,0.9034743801388947,0.42306595743307074
1781893228.801611,-19.08452033996582,-5.97619104385376,2.8983819484710693,0.06494625681059081,0.022799073968317332,0.9032469106183721,0.42356487287138944
1781893229.401789,-18.948558807373047,-6.1750078201293945,2.883607864379883,0.06710233428426016,0.036516974597042284,0.906856120417151,0.41445834834665507
1781893229.801748,-18.85801124572754,-6.284221172332764,2.841733694076538,0.06505591017049751,0.03631349351163456,0.9109100936378782,0.40582243643925353
1781893230.201742,-18.758724212646484,-6.3820109367370605,2.867199182510376,0.06326811554603941,0.028315985208555855,0.915156565544513,0.39709421709816595
1781893230.501749,-18.675628662109375,-6.482582092285156,2.8317205905914307,0.06159129279570631,0.025164015159156772,0.9208880977110822,0.3841072402702422
1781893230.701612,-18.612367630004883,-6.548555374145508,2.840226650238037,0.06490316478893106,0.022921566144090497,0.9214269470586537,0.3824062721713953
1781893231.101692,-18.51552391052246,-6.625685214996338,2.83807635307312,0.07305115250863782,0.028859160127975958,0.9217436745418557,0.37976211422364586
1781893231.901783,-18.31073570251465,-6.821033477783203,2.8160884380340576,0.0710382672454246,0.004364732880181008,0.9252220106470384,0.3726912401346265
1781893232.401658,-18.169870376586914,-6.985203742980957,2.8253800868988037,0.059217345534507526,0.011479615073651611,0.9274451999721276,0.3690622124588626
1781893232.801740,-18.078399658203125,-6.996273040771484,2.7890069484710693,0.05545132428918775,0.013442235786484754,0.9284776781775108,0.36697911734465555
1781893233.201716,-17.992279052734375,-7.081025123596191,2.8045597076416016,0.05244299987584894,0.01878453379897094,0.9159400111632217,0.3974302361587504
1781893233.601814,-17.907855987548828,-7.178653240203857,2.7581050395965576,0.054166730580141986,0.014168246081818894,0.90758043497571,0.4161285595413186
1781893234.201619,-17.810636520385742,-7.362412452697754,2.7538201808929443,0.05698712421666309,0.015232725219522352,0.890126063481357,0.4518805276998856
1781893234.401770,-17.790529251098633,-7.453324794769287,2.783328056335449,0.04966875028954738,0.013999043530108259,0.8854007420323263,0.46195513249758
1781893234.701524,-17.694032669067383,-7.548768997192383,2.762932777404785,0.04905769143030874,0.017057232064491872,0.885333664126423,0.4620461636554239
1781893235.101712,-17.631261825561523,-7.649116039276123,2.755613088607788,0.05303434300641196,0.015060766772924918,0.8746064782786818,0.48168875183083343
1781893235.501517,-17.572927474975586,-7.75128173828125,2.755894422531128,0.044469483277043455,0.017348939005310048,0.8640196525744834,0.5011900879902162
1781893235.701808,-17.52532386779785,-7.7914838790893555,2.757648229598999,0.04662172129955323,0.014208270733558638,0.8558741092293752,0.5148825719086282
1781893236.201799,-17.47953987121582,-7.991571426391602,2.765928030014038,0.0498224052539728,0.014076901226307673,0.8355732510837365,0.5469341178003075
1781893236.601815,-17.42679214477539,-8.16865062713623,2.7617571353912354,0.03874234676714473,0.008807540343277792,0.8361776608316096,0.5470177259846417
1781893237.401494,-17.29141616821289,-8.416460037231445,2.7752227783203125,0.02385851844002154,-0.006171058212112975,0.8406074708268189,0.5410839547205077
1781893237.701653,-17.216867446899414,-8.516251564025879,2.7700035572052,0.049768438969279495,0.002791976689010531,0.8314948571760287,0.5532916195233571
1781893239.701772,-17.00408172607422,-9.274149894714355,2.736149549484253,0.051140733044026505,0.011053209817319108,0.8709701484607905,0.4885421947891667
1781893239.901618,-16.958528518676758,-9.33862590789795,2.734898328781128,0.04672143033306408,0.0032540070520048,0.8761994876668731,0.47966757088116596
