stamp_sec,x,y,z
1785495426.753358,7.831845551279493,-3.9749599945700007,-0.7970891768222368
1785495429.152036,7.833745222562437,-3.9924823190211582,-0.7990220231450379
1785495429.351786,7.842265388089577,-4.001441553056556,-0.7979903956787634
1785495429.552469,7.820676277636631,-4.004278450449255,-0.794646059723209
1785495429.751982,7.805057225443638,-3.979836409978811,-0.7954133031627555
1785495430.051864,7.827636219980165,-4.003262218339329,-0.7972608425328873
1785495430.152067,7.831300517827874,-4.006706928307603,-0.7958342550415111
1785495430.251229,7.838655210411024,-4.008618679878752,-0.7964904519541487
1785495430.351476,7.838536751560886,-4.009768583108133,-0.7956604339944099
1785495430.451785,7.837676332558727,-4.008952061171716,-0.798132590397635
1785495430.552309,7.838700859467188,-4.0085888291655465,-0.7969500474468365
1785495430.652525,7.839905481113215,-4.009871259635447,-0.7974262953664608
1785495430.751563,7.841842987095759,-4.01235824566099,-0.7979089678235638
1785495430.851839,7.839401202787675,-4.012887217359498,-0.7982302818536671
1785495430.952213,7.861862526547439,-4.152527172437186,-0.7993048783778778
1785495431.052498,7.842624740627295,-4.041802011581703,-0.7962061941839742
1785495431.152724,7.843912259753961,-4.044638485854177,-0.7958218408667042
1785495431.251973,7.847078542334632,-4.048710067500641,-0.7967610752623517
1785495431.352257,7.8516166518215815,-4.038017814501065,-0.7987170162976388
1785495431.451512,7.855994710993063,-4.033226684446784,-0.7988256833538747
1785495431.55165,7.8413393965698654,-4.02363356704663,-0.7955584311618336
1785495431.651866,7.847142428409714,-4.02974528837129,-0.7954330476136646
1785495431.75211,7.835920846123194,-4.015871074830497,-0.7965498076019212
1785495431.851408,7.83910786160919,-4.014781406893005,-0.7970408640162008
1785495431.951629,7.820973418554695,-4.024859967007837,-0.7962453246230876
1785495432.052097,7.8241454835850135,-4.029376214123378,-0.7967083234935084
1785495432.152304,7.843022356475234,-4.036675540280328,-0.7965307956488692
1785495432.251546,7.8418993403734785,-4.037290189186975,-0.7984253503755874
1785495432.351875,7.845911114251838,-4.037667760510609,-0.7973314093286462
1785495432.451059,7.851112064219847,-4.033672340797602,-0.7981613114920904
1785495432.551098,7.877372180575426,-4.055619089703637,-0.8014958296613038
1785495432.651318,7.860745084537223,-4.044088134228308,-0.8003460601965353
1785495432.751388,7.853405331923743,-4.043864645218272,-0.7979599759646093
1785495432.851555,7.858551290830429,-4.037647434930978,-0.7978728449889763
1785495432.951649,7.852885806620857,-4.03439140470942,-0.799045794058156
1785495433.051077,7.856213750405591,-4.031095945189891,-0.7992522675888178
1785495433.151296,7.848284324143242,-4.033593061327922,-0.7965977632161473
1785495433.251557,7.8492571444572885,-4.002470652928873,-0.7977375696853728
1785495433.351827,7.8413554695078815,-4.004264348147975,-0.7965855566794249
1785495433.451191,7.828026832265776,-4.082989719989184,-0.7953285027966277
1785495433.550651,7.828808448188647,-4.073378701655188,-0.7937281287374558
1785495433.65102,7.832563543776917,-4.054721124251349,-0.794846887166158
1785495433.751178,7.8389617503389815,-4.052382129920503,-0.7960767838467656
1785495433.85131,7.84126228414006,-4.04344802112202,-0.7963587983597212
1785495433.950404,7.84402781527912,-4.040911302540404,-0.7963997673265611
1785495434.051544,7.841735157078864,-4.037194461351942,-0.7977566920764148
1785495434.150708,7.841897472451336,-4.036819773023368,-0.7969375576307691
1785495434.250871,7.860218434735922,-4.028510041380202,-0.7984269119302454
1785495434.351071,7.860545090718976,-4.023862564562438,-0.8007168869219057
1785495434.451295,7.859939984071962,-4.019642281608111,-0.7986465171932355
1785495434.551486,7.853020759208162,-4.021276657885293,-0.7971782118180322
1785495434.651635,7.860054028380975,-4.0807637602446105,-0.7994923958746598
1785495434.751907,7.852219627138622,-4.043425380451643,-0.799811375845049
1785495434.851049,7.84704531607197,-4.040793613945012,-0.7977765497847464
1785495434.951306,7.846121006526425,-4.068636881329947,-0.7962321901370016
1785495435.051503,7.857319116913803,-4.046924708760979,-0.796424784546476
1785495435.151708,7.857377093647462,-4.048028643716827,-0.7979935520582502
1785495435.250991,7.863873423502984,-4.024771025653272,-0.7968703480103154
1785495435.351385,7.868857344434556,-4.018882023758684,-0.8007074564857721
1785495435.45162,7.865429374512093,-4.0159481509177155,-0.7997996405867484
1785495435.550599,7.835587732563901,-3.9575087849326125,-0.7974270237103032
1785495435.65158,7.838010539713731,-3.980136756219737,-0.7946744113566986
1785495435.751743,7.846710086204312,-3.995167206111496,-0.797363403968069
1785495435.851042,7.847526108966554,-4.00188086045887,-0.7989809364242062
1785495435.951189,7.861829403758302,-4.0735265612102065,-0.7995832975298865
1785495436.051346,7.854168030556046,-4.03622051477885,-0.801097715944728
1785495436.15139,7.853969034108983,-4.035690093532003,-0.7969084932864983
1785495436.251376,7.853156312674698,-4.03580992577459,-0.7972471049853728
1785495436.351551,7.852599968836284,-4.0268003136349195,-0.7971999966200363
1785495436.450613,7.8609693082406125,-4.030695422690727,-0.7973904173166437
1785495436.550845,7.866409641544909,-4.037729692243563,-0.7989298731161041
1785495436.651091,7.868872561251956,-4.03537986530953,-0.7989573090526635
1785495436.750402,7.863338991432254,-4.029330190399729,-0.7986591646061992
1785495436.850745,7.865340804187145,-4.031356050568543,-0.797964618428814
1785495436.950962,7.862361943017958,-4.023713662218593,-0.7985193256893623
1785495437.050417,7.85919473250604,-4.015572311100255,-0.796506422141463
1785495437.150522,7.855409076724338,-4.013162487729393,-0.7975185723369137
1785495437.250828,7.855307121569518,-4.0122110176881005,-0.795159362940463
1785495437.350404,7.850633751170903,-4.012511494997678,-0.798626552390967
1785495437.450459,7.853402483587911,-4.003191254242297,-0.7992410403072022
1785495437.550647,7.853507009094334,-4.006222159832488,-0.8003347374841269
1785495437.649825,7.85682158549233,-4.000578299267093,-0.7987115286060305
1785495437.750037,7.84991845925093,-4.002129128799065,-0.7984763321954269
1785495437.850322,7.849121198237328,-3.999359319541857,-0.7982507122596332
1785495437.950533,7.843325820566446,-4.0139609862149594,-0.7977287095951253
1785495438.050499,7.8482362950693965,-4.014072362307164,-0.7990438043684478
1785495438.150568,7.853574678117797,-4.013192714769688,-0.7969421888467575
1785495438.249729,7.839759879451982,-4.004525048214986,-0.7958636648853834
1785495438.350084,7.8356432262711975,-4.003670659086449,-0.7967977844395975
1785495438.450419,7.874131814292273,-4.239841008677471,-0.7982648134016519
1785495438.550498,7.831405737243419,-4.048645579775873,-0.7951537216715948
1785495438.650703,7.833019976662978,-4.05137660819005,-0.7947403332008725
1785495438.750829,7.833191621347429,-4.030139284625766,-0.7946915994866578
1785495438.850051,7.8305898182104015,-4.0350508344884215,-0.7958219732864897
1785495438.951115,7.826971270150379,-4.030567564543085,-0.7952544619890458
1785495439.05039,7.830705829538104,-4.034200664061578,-0.7956609427004013
1785495439.150553,7.8373654862880135,-4.189527924019757,-0.7949787886125426
1785495439.250769,7.82995169707369,-4.057451181444448,-0.7968049917758959
1785495439.351068,7.843127791348671,-4.04815919577565,-0.8015940820837657
1785495439.450487,7.84591094863411,-4.063979410751233,-0.7982892774004094
1785495439.550635,7.834304194782441,-4.0456935526257265,-0.7964732123158473
1785495439.650706,7.828678435418462,-4.044656845025911,-0.7977941423963582
1785495439.750831,7.833721772103736,-4.047516185831487,-0.7978924320251521
1785495439.850076,7.836653396897041,-4.0469741981123795,-0.7984645045230443
1785495439.950312,7.834960786633808,-4.042435013890407,-0.7961697919887065
1785495440.050416,7.825094496492381,-4.0261615772319415,-0.7970518362196504
1785495440.15078,7.826379400008838,-4.030001053683306,-0.7966619727584561
1785495440.249979,7.82757110290693,-4.033421607227635,-0.7977768463836569
1785495440.35,7.824610551703366,-4.035083740708066,-0.7979390583850772
1785495440.450159,7.834194229655417,-4.0357066387196205,-0.7963313061553479
1785495440.550284,7.829356926303444,-4.033793446241527,-0.7942858659932925
1785495440.650467,7.832855649306997,-4.035201140296285,-0.7941149652186681
1785495440.750621,7.827669624461467,-4.056490163173349,-0.7945772662521883
1785495440.849911,7.83013461580137,-4.053196331174831,-0.7965264140177086
1785495440.950042,7.829507411696717,-4.049840425156612,-0.795813580613936
1785495441.050295,7.827237747159673,-4.042372071173686,-0.795722562568644
1785495441.15034,7.853353389203249,-4.03643384241739,-0.79886628402612
1785495441.250362,7.841831324144612,-4.0443879036644,-0.7955136333776138
1785495441.34966,7.843811578898613,-4.0481197060777765,-0.7969478571565847
1785495441.449783,7.84097796597589,-4.050862274404882,-0.7960623995048189
1785495441.549352,7.838349804658238,-4.047035173184589,-0.7958875125512967
1785495441.650334,7.841605097413788,-4.039881456331016,-0.7967789901315473
1785495441.749811,7.841855290681143,-4.040340763511759,-0.7984980778922994
1785495441.849882,7.839728118123434,-4.034201253020919,-0.7986708093200021
1785495441.950115,7.834184140183236,-4.034266636566893,-0.7984874136419003
1785495442.05033,7.836088624345401,-4.03610783118079,-0.7980064261595312
1785495442.149733,7.8326971623810895,-4.028134372177335,-0.7964839162396985
1785495442.249936,7.838553199459391,-4.03164017690373,-0.7979248789484756
1785495442.350284,7.833377478188684,-4.027274646268115,-0.7974579089547571
1785495442.450529,7.838932400686463,-4.026875055560664,-0.7980017884876106
1785495442.549713,7.860155820759616,-4.193462975484612,-0.7997247998707965
1785495442.649859,7.819692710819943,-4.04441890877633,-0.7954817930078502
1785495442.75012,7.8251530894547985,-4.04179916538211,-0.7964797623711455
1785495442.85013,7.854653767297132,-3.991077407082533,-0.7985957075071176
1785495442.950368,7.850060641511013,-3.9969640275368783,-0.8001206570677402
1785495443.049599,7.849194977820819,-4.0004971243119245,-0.7978838587190829
1785495443.149812,7.845056228962886,-4.002497931033011,-0.8001607860767779
1785495443.250076,7.839786463210297,-4.005747855907565,-0.7992914683700835
1785495443.350562,7.855901813958453,-4.047186679985446,-0.7999142825388512
1785495443.450715,7.858156741936743,-4.040610408154767,-0.8017329695488369
1785495443.549992,7.8646191645713746,-4.0433791771435255,-0.8010874586985661
1785495443.650275,7.847993434112797,-4.065180499111857,-0.7971804312694966
1785495443.749706,7.825438656661992,-4.025502502540577,-0.7963770004062671
1785495443.850055,7.8315855389735605,-4.0327775423447685,-0.7979884904298328
1785495443.950198,7.82388462125483,-4.055555212796399,-0.7973830591815853
1785495444.049441,7.827622817275983,-4.061741382943767,-0.7987531264796661
1785495444.149461,7.770428164636537,-3.995418688748136,-0.7895473473998218
1785495444.249598,7.76560484269922,-4.017237268770866,-0.7887007833342636
1785495444.349969,7.763648327819014,-4.029058699103909,-0.7892533708569074
1785495444.450339,7.767449629185003,-4.046323168090074,-0.7858885336372925
1785495444.550585,7.7751976409893215,-4.0226534552621604,-0.7896671080531322
1785495444.649785,7.765086191736287,-3.9814629984213727,-0.7920514901070381
1785495444.749944,7.753197810430995,-3.9640671525522015,-0.7939597178812556
1785495444.849253,7.748071397270892,-3.9711869847276575,-0.7925182874999561
1785495444.949503,7.714452414493899,-3.967878950949639,-0.7874552891183968
1785495445.049653,7.7389336605852,-3.9939626291075188,-0.789729744789284
1785495445.14915,7.736935103368671,-3.9801498369797623,-0.7897200276491836
1785495445.249355,7.764943330354252,-4.010817390051328,-0.7937666856441927
1785495445.34956,7.7557390701726385,-3.9858008744966344,-0.7881785194396289
1785495445.449702,7.756246369983521,-4.015088137530924,-0.7899356415583705
1785495445.550033,7.752300094837693,-4.003839883797246,-0.7881207207975143
1785495445.64945,7.749367646416675,-4.004356580310522,-0.7868331988637165
1785495445.749821,7.73285965038378,-3.9938964485065487,-0.7896500790268361
1785495445.849171,7.725142652460505,-3.9875500368415473,-0.7904413733098301
1785495445.949228,7.712393468664419,-4.000944332353979,-0.7906869194128185
1785495446.049406,7.703616386180627,-3.9952770234660733,-0.787100318872656
1785495446.149697,7.7093345442188435,-4.006741082023423,-0.7835905917522865
1785495446.249042,7.6982289423539285,-4.015292887703133,-0.7819205479769897
1785495446.349376,7.7315688269554546,-3.889317016779846,-0.7747465834471141
1785495446.449839,7.778837773755947,-3.935106432315819,-0.7872411742426464
1785495446.549368,7.79787895561593,-3.888275131591676,-0.7903816263855363
1785495446.649688,7.729093469131846,-3.954429491629294,-0.7781854101587605
1785495446.748945,7.797929888005077,-3.928267551187182,-0.7874097937340423
1785495446.849491,7.7788144705046065,-4.0458056253847525,-0.7802850328859882
1785495446.949673,7.751637714483346,-4.020325595090761,-0.7826371275728451
1785495447.048916,7.702745999667179,-3.9952695658367183,-0.781921703493585
1785495447.149368,7.709019901387836,-4.018907399853363,-0.7783375641978552
1785495447.249626,7.7503427274226855,-4.0432615191737655,-0.782285244938866
1785495447.348818,7.748850675272754,-4.032121812640194,-0.7844215389632523
1785495447.449228,7.752394194322977,-4.019348370395008,-0.7852580196214389
1785495447.54959,7.750974725254986,-3.9974277458036567,-0.7829845491495888
1785495447.648853,7.754210870834818,-3.9751105899136263,-0.7878058858756817
1785495447.74921,7.7424392876860075,-3.9050751031881665,-0.7813152279910773
1785495447.848513,7.735527332508769,-3.898549297465776,-0.7795634724564802
1785495447.949485,7.740168332454404,-3.8978660297615284,-0.7832388460721715
1785495448.048908,7.734919225646945,-3.8754053474664416,-0.7797608938841478
1785495448.149272,7.741450378189135,-3.984993316480386,-0.7879054008299099
1785495448.249659,7.714658114636088,-3.9619958917813536,-0.7800645332973128
1785495448.349093,7.7480392063013275,-3.970032021320274,-0.7859333060987477
1785495448.449238,7.716825873043711,-3.9587866417443767,-0.7826364213872813
1785495448.549432,7.74538803580886,-3.9610155625324324,-0.7837674494064858
1785495448.648749,7.720895339076072,-3.9483679103102833,-0.7797539371248899
1785495448.74906,7.728378801908731,-3.9311096738651896,-0.7904480985977115
1785495448.849306,7.746589814582809,-3.9239470953609428,-0.7890518684018535
1785495448.948558,7.733678778445072,-3.900116653502231,-0.7860215515091391
1785495449.048813,7.710499985972382,-3.9133079189768556,-0.7757710897730227
1785495449.149168,7.6995553121792755,-3.9067127297524324,-0.7770066042860514
1785495449.248466,7.679600202552325,-3.8786737334975263,-0.7759804406753561
1785495449.349568,7.663609421302925,-3.8708035923914355,-0.7687447636508746
1785495449.448722,7.63512146302902,-3.8600978449976795,-0.7624858000167366
1785495449.548907,7.618443479805742,-3.8614267858080944,-0.7549276292018118
1785495449.649141,7.546887888749818,-3.8350579008751415,-0.7382825595572664
1785495449.749274,7.531496734076536,-3.817646048469918,-0.7409970213570174
1785495449.848632,7.509854103303305,-3.796365364064042,-0.7366357706473113
1785495449.948102,7.495585238421509,-3.791682806725441,-0.7344753083956885
1785495450.048582,7.465869146135017,-3.7805153975139367,-0.7257567360582405
1785495450.148681,7.474012729799033,-3.7967258540748148,-0.7293399042233094
1785495450.248895,7.474941782327901,-3.802818443759256,-0.7277930872233244
1785495450.349346,7.4822620568255545,-3.7812280422723963,-0.7276461554885549
1785495450.448598,7.48361410558491,-3.774158528459157,-0.7294258810965646
1785495450.548807,7.480152869892755,-3.793500543711484,-0.7260907129851768
1785495450.648957,7.479258100642509,-3.8006636460441667,-0.7313516916734903
1785495450.749182,7.495486656459409,-3.8502359753555595,-0.7405521876306151
1785495450.848907,7.451315247872916,-3.798851040704342,-0.7405078271080044
1785495450.949322,7.447705964932354,-3.8398243961773884,-0.7357047126730567
1785495451.048683,7.437947959322515,-3.853931291487899,-0.7373112788202867
1785495451.148903,7.4622366773758895,-3.9599225301796332,-0.7370743094367147
1785495451.248247,7.451663646158589,-3.924534886498669,-0.7323408528232926
1785495451.348601,7.442290783437953,-3.9147303357814813,-0.7306692187762807
1785495451.448752,7.424081072118821,-3.8875238343459575,-0.7312631881662011
1785495451.548173,7.454151329345045,-3.926589718044639,-0.7332124128409899
1785495451.648359,7.413503033113954,-3.921077549027482,-0.7312261445188077
1785495451.748536,7.435380879007128,-3.975850767285944,-0.7375888238916657
1785495451.848892,7.422077402300497,-3.9373445665217415,-0.7333298733288257
1785495451.9483,7.4228216974105035,-3.980715635744819,-0.7309061693700964
1785495452.048491,7.4121111481975746,-3.9779727059877237,-0.7295801003875184
1785495452.148871,7.418575861233239,-3.9659944495928965,-0.7291512749602777
1785495452.248163,7.422775209050555,-3.9765576997995273,-0.7309711506825862
1785495452.348537,7.394556741978813,-3.979225252276897,-0.728771164717986
1785495452.448662,7.4106887825918335,-4.069872097981514,-0.72975471848318
1785495452.549011,7.4504822520104765,-4.022722313192563,-0.734510477737147
1785495452.648295,7.505339502753988,-4.013289210915221,-0.7412997841430062
1785495452.748745,7.43391567690291,-4.04475265878917,-0.732253718741879
1785495452.848218,7.416982328484764,-4.046175950554553,-0.7322211400409264
1785495452.948604,7.4430428021036805,-4.060812812427168,-0.7287808231465823
1785495453.048947,7.426713848618751,-4.027943450308468,-0.7285355808219305
1785495453.14816,7.401525761130374,-4.0653824709611595,-0.7249786698619576
1785495453.24874,7.35561957807199,-4.062638174113881,-0.7226629425519748
1785495453.349,7.391063838873483,-3.9670188231185137,-0.7214111047476738
1785495453.448165,7.392998645386181,-3.9999605956694855,-0.7207877813691368
1785495453.548301,7.353872346618828,-4.08070763666977,-0.7101639845265502
1785495453.648405,7.367668371246968,-4.00557045627936,-0.7225588584671961
1785495453.748985,7.395092296763966,-4.0377591259253505,-0.724783304909636
1785495453.848185,7.40551986037164,-4.054751047478171,-0.7225529008603205
1785495453.948399,7.40862303959188,-4.051350061842439,-0.725895822404813
1785495454.04885,7.42428388625209,-4.014202497663995,-0.7270062873122269
1785495454.148186,7.453315454439037,-4.028014092008143,-0.7300831024127561
1785495454.248544,7.458725305326407,-4.018946561087641,-0.7326549601972969
1785495454.347976,7.477112923353723,-4.005430306416332,-0.738313465552451
1785495454.448098,7.4962559211550595,-4.003427524835879,-0.7390533792633389
1785495454.548492,7.519223896378028,-4.075260307724225,-0.7404094154001462
1785495454.64895,7.490782300054517,-4.019620613877506,-0.7365594675809437
1785495454.748472,7.458516538749599,-4.007577955190696,-0.7322274404302263
1785495454.847742,7.470962776087578,-4.0214975602650025,-0.7304309105967957
1785495454.947995,7.503901843829687,-3.960031282917997,-0.7360618729072222
1785495455.048388,7.4641402134549395,-3.9608470503076267,-0.7364413869551791
1785495455.148749,7.447946267477163,-3.977459672665469,-0.7336381851422689
1785495455.248013,7.43844701260934,-3.9465417415113997,-0.7386182942163179
1785495455.348277,7.40023463958649,-3.921504732305516,-0.731692465177917
1785495455.448481,7.394034427502155,-3.925790577612474,-0.7319328777182841
1785495455.547857,7.404286384700543,-4.018776016460899,-0.7318673959925398
1785495455.64819,7.400809085828501,-3.967387246445677,-0.7283456093274102
1785495455.748316,7.399372269684856,-4.000370130361826,-0.7321331118540471
1785495455.847724,7.452974472564497,-3.9916766670884924,-0.7339113005643944
1785495455.947808,7.525412214462387,-3.939546613182859,-0.7440206291689565
1785495456.048088,7.438742823556444,-3.958264014642183,-0.7334774952736977
1785495456.148214,7.4198258419466905,-3.829879097451839,-0.7353094275845399
1785495456.248391,7.392930393971021,-3.80370453966779,-0.7319094843153693
1785495456.347515,7.407186646057282,-3.8219653497160118,-0.7258804269208478
1785495456.447711,7.429672056518153,-3.9342944727454583,-0.7276276746029853
1785495456.547901,7.399600032735872,-3.865965607594945,-0.7245434606814205
1785495456.648059,7.4234588510906745,-3.9499411274286085,-0.725655216321165
1785495456.7482,7.420717607946593,-3.977067288167992,-0.731039469964702
1785495456.847419,7.415278511973808,-3.9171327903141817,-0.7304942617320616
1785495456.947774,7.412254806770797,-3.9069891215916948,-0.7315344354215072
1785495457.047912,7.40648469973417,-3.9206695049893376,-0.7265194028049383
1785495457.148147,7.427922521837746,-3.926754137534216,-0.7336328645164989
1785495457.248233,7.422265394066218,-3.918455273917549,-0.7257388758977574
1785495457.348457,7.365213151601821,-3.8692332660455544,-0.71542836707601
1785495457.447664,7.339702984914459,-3.8641076888101376,-0.717377242735884
1785495457.548055,7.311316053430292,-3.8703114524768885,-0.7136697581612572
1785495457.648265,7.235999457825709,-3.821676548405804,-0.7027392183980361
1785495457.748474,7.22350296227566,-3.8428386403776846,-0.6959500374263257
1785495457.84778,7.225081301979319,-3.855336298239878,-0.6915921816832946
1785495457.948096,7.203834299652244,-3.872021878048355,-0.6874016113938372
1785495458.047488,7.2118456759358205,-3.9057500728406755,-0.6915646818481531
1785495458.147893,7.1924877813307315,-3.855097741639128,-0.6866783685075277
1785495458.24813,7.187992134163962,-3.8068804459713115,-0.6803977679230956
1785495458.348508,7.185009233369908,-3.8029456006899975,-0.683630096578832
1785495458.44779,7.196695783757958,-3.8039236122241453,-0.6814069262995612
1785495458.548198,7.208604624221733,-3.802598170889943,-0.6874050236265955
1785495458.647502,7.2302818210696245,-3.8373595429846796,-0.6905044529840784
1785495458.747806,7.200463235989764,-3.8154283596681298,-0.686021995008469
1785495458.848161,7.233654846619488,-3.8288684011973046,-0.6926589351774333
1785495458.948474,7.203085414098408,-3.7766253619230272,-0.6886850734202266
1785495459.047702,7.207765219831266,-3.771610285257996,-0.6831168004707391
1785495459.14799,7.197919241666943,-3.7555678067204465,-0.6873808391225041
1785495459.248125,7.181113072013266,-3.725154141001136,-0.6842758645485881
1785495459.348295,7.181054661785592,-3.7342705338149176,-0.6821459484778938
1785495459.448664,7.1829235663573945,-3.7371260254405128,-0.6842310767279238
1785495459.547814,7.129317698368774,-3.7535495637724337,-0.6788906733470852
1785495459.64793,7.128978366551189,-3.7480633695434116,-0.67817383991346
1785495459.747968,7.146062665453943,-3.7391853977779035,-0.6831858432382506
1785495459.848089,7.144652589126494,-3.7530075636727616,-0.6823634397918517
1785495459.948296,7.138058474725141,-3.7597340860818536,-0.6787947843092117
1785495460.047681,7.127954595179899,-3.7589228122851495,-0.6778447520590543
1785495460.147987,7.118394943453252,-3.72186421792001,-0.6734197447286491
1785495460.248174,7.117661545924676,-3.7290384304379174,-0.6719042069595467
1785495460.348409,7.13626705435118,-3.767621917301751,-0.6758800289030491
1785495460.44766,7.122627668622735,-3.778076455736283,-0.6680268818711024
1785495460.547885,7.068831600858171,-3.7800636146203535,-0.6656319051436248
1785495460.648122,7.087186849428271,-3.7920626480060116,-0.6686103211259149
1785495460.748309,7.131572267510622,-3.7753777736364307,-0.6776522222770957
1785495460.848469,7.107854857470561,-3.7831262967370987,-0.6801930299477813
1785495460.947901,7.088424983083629,-3.786116620552525,-0.6715150401349985
1785495461.048055,7.109416944256578,-3.8365626560180326,-0.6782238193284782
1785495461.147419,7.103101052308655,-3.8591592546226154,-0.6733143141310676
1785495461.247625,7.099703772555991,-3.841916207655602,-0.673649765485333
1785495461.348052,7.146866488159324,-3.8644361745096565,-0.6830772155106037
1785495461.448363,7.104027592928877,-3.8400586718841994,-0.6738868846572272
1785495461.548594,7.120059515465116,-3.8762439706450253,-0.6751601772262844
1785495461.647765,7.137327367783357,-3.870807062669526,-0.677924189044524
1785495461.748104,7.1310440226202205,-3.873291786276306,-0.6773013773491492
1785495461.848557,7.0934955676317735,-3.8772231477796026,-0.6674396829320516
1785495461.947863,7.097738999600105,-3.9095482603602307,-0.6720160339516293
1785495462.048234,7.1123028239846295,-3.9179666062600385,-0.6738124837065783
1785495462.148657,7.143734583889483,-3.914939961372442,-0.6816407558231264
1785495462.247826,7.150534506896877,-3.9130140690783017,-0.680988996890258
1785495462.348077,7.174497444172946,-3.9291475328482495,-0.6832014932117734
1785495462.448298,7.176592563568993,-3.9105785405539204,-0.6827889799815358
1785495462.548379,7.182908175954348,-3.893304307203075,-0.6852908637614481
1785495462.648555,7.184257612268117,-3.8911580411220443,-0.6838048644151575
1785495462.747872,7.188518157133319,-3.8924760284047397,-0.6854945258745095
1785495462.847766,7.185491108565467,-3.8879359312225463,-0.6845245124004244
1785495462.948017,7.183655127640153,-3.888062591540774,-0.6856266988069896
1785495463.048387,7.187416763858826,-3.886592308318546,-0.6834790561825096
1785495463.148774,7.198459417326652,-3.8719784674355053,-0.6904315201578084
1785495463.248836,7.196620098010405,-3.84305162971428,-0.6897044763602467
1785495463.348287,7.200108596344295,-3.8290389441974013,-0.6872732601681013
1785495463.448588,7.205281654088141,-3.7951591248697025,-0.6885034366720013
1785495463.5489,7.213925264940587,-3.8334677407398483,-0.696807621157868
1785495463.648206,7.185173895290536,-3.812806301505643,-0.6905262869141027
1785495463.748425,7.128303272206994,-3.8456558070827547,-0.6800688165343608
1785495463.847647,7.1115455188190175,-3.8390922722479504,-0.6941428070755413
1785495463.947877,7.122122747623554,-3.8397126400439157,-0.6727542692936272
1785495464.048295,7.105773697619004,-3.831200129291377,-0.6803819873277315
1785495464.148423,7.106108564128582,-3.8356075253627866,-0.681256412616952
1785495464.248743,7.107874807922856,-3.828056846523794,-0.6784892492984248
1785495464.348175,7.102886947989985,-3.824542362300462,-0.6797439798414238
1785495464.448523,7.099900046992606,-3.83015893380712,-0.6761810915544134
1785495464.548695,7.099222640692175,-3.8386009687861407,-0.6699164036519606
1785495464.648021,6.97338154627695,-3.883237034587055,-0.6440467722817624
1785495464.748329,7.039937350834325,-3.893093007241723,-0.6634475822416117
1785495464.847757,7.02537159299571,-3.822830456840963,-0.6607518606946537
1785495464.948154,6.970637316834908,-3.822129325695226,-0.6525842794099952
1785495465.04838,6.906050346988139,-3.811805221828879,-0.6501323006457909
1785495465.148612,6.877486357703454,-3.8298787879401663,-0.6469277988394992
1785495465.247892,6.893623746418794,-3.8186874111527045,-0.6389908799580599
1785495465.348272,6.85782313374293,-3.7983264149807336,-0.6359339334862701
1785495465.448523,6.74007487098788,-3.7622580214823227,-0.6240507079977211
1785495465.547963,6.754802345657215,-3.778607126175704,-0.6212819848341492
1785495465.648453,6.669571663990276,-3.7482154494520277,-0.6094259260991216
1785495465.748685,6.701314259881186,-3.7052233736814335,-0.607710888257165
1785495465.848156,6.730025419715397,-3.700157426307004,-0.6144918025274496
1785495465.947807,6.740928508719645,-3.728617593028102,-0.6212099302461069
1785495466.048361,6.748423127927693,-3.729339837470039,-0.620231898694543
1785495466.148707,6.744382315715105,-3.7541674467178447,-0.6201393074047985
1785495466.24777,6.762542780771426,-3.74614924354961,-0.6214987340682039
1785495466.348023,6.772701522761258,-3.7581167629310377,-0.6189695235397894
1785495466.448453,6.772012291155828,-3.7571195908105928,-0.6200828141873803
1785495466.548677,6.77388091471553,-3.7541889017263856,-0.6217738421627529
1785495466.648071,6.767205773239296,-3.736639368241115,-0.6201250031661093
1785495466.748451,6.781279317807543,-3.748451618504925,-0.6239791907374599
1785495466.848629,6.765042741115278,-3.74014494942914,-0.6212308158557396
1785495466.948971,6.753605839756029,-3.7423229810661867,-0.6182748199417955
1785495467.048292,6.750476703070278,-3.7135153001047754,-0.6215589888913153
1785495467.148463,6.755127675967389,-3.7159252640705818,-0.6270720133228145
1785495467.248359,6.7564285164177695,-3.7066270391401765,-0.6234065142257625
1785495467.348728,6.741553391805567,-3.6851015241617944,-0.6180190883371725
1785495467.448008,6.73979544073196,-3.6833435589434536,-0.62114863928378
1785495467.548402,6.623186379278762,-3.7640089399526055,-0.5959796681549979
1785495467.647617,6.734176538254611,-3.721048646732374,-0.614918116622321
1785495467.748016,6.649318528046267,-3.744516197159008,-0.6022130540762352
1785495467.848417,6.697766332764972,-3.7065983982341977,-0.6129865971311808
1785495467.948792,6.720133891555682,-3.6777430651730674,-0.6137614187210453
1785495468.047426,6.630042009783224,-3.7079035277132584,-0.6017401811906078
1785495468.147655,6.707278045394866,-3.7141383350455204,-0.6121695401960376
1785495468.248058,6.68660095834194,-3.6899247842724643,-0.6106820149459196
1785495468.348322,6.694153908906782,-3.6707291513073153,-0.6215121210889171
1785495468.448515,6.675505847016179,-3.6548877016108277,-0.6156687997934907
1785495468.548609,6.667986179288344,-3.6384315561564837,-0.6168838531816909
1785495468.648006,6.671324566414417,-3.6315071332042277,-0.6159457508410472
1785495468.748279,6.650869310051603,-3.6353926609578804,-0.6084348786547447
1785495468.847635,6.644937201384146,-3.6016912163407744,-0.6060351626176063
1785495468.947932,6.613622595781739,-3.5947544687121384,-0.6015383183561198
1785495469.04829,6.604049291069683,-3.5627179650368914,-0.6002435704210646
1785495469.147461,6.571241505955682,-3.501245399923488,-0.5982744086300147
1785495469.247487,6.551661668469871,-3.496521040699981,-0.6003215836029472
1785495469.34855,6.542298248660969,-3.4882673306511918,-0.5885514073397795
1785495469.447837,6.53808220090546,-3.4881510762415506,-0.5895398854692959
1785495469.548091,6.495832705415115,-3.4796152368584163,-0.5837757093901816
1785495469.647408,6.514458610616268,-3.4704205896440192,-0.5931720163916954
1785495469.747721,6.497730391068581,-3.3995352360966846,-0.5888929351036096
1785495469.84785,6.476438275731226,-3.3811252123947764,-0.5886286757818502
1785495469.948121,6.468793058335187,-3.3807596315495134,-0.5914156364188518
1785495470.048379,6.452139000604267,-3.361602720005921,-0.5761283113648208
1785495470.14773,6.466906922933121,-3.3654089707006394,-0.5868676535050937
1785495470.247997,6.444245066855166,-3.3059398312584176,-0.5779247916014236
1785495470.348119,6.410771826632927,-3.283895109134828,-0.5778087851848555
1785495470.448415,6.373356057983349,-3.2404019685868084,-0.5698490272465386
1785495470.54759,6.347343432105131,-3.243020203299452,-0.5687988288877821
1785495470.647925,6.38274359839745,-3.1628566982296404,-0.5717972808171189
1785495470.748246,6.358649478749245,-3.236870108736988,-0.5698576106536802
1785495470.847778,6.319128454463324,-3.2411440367191306,-0.5603436391445269
1785495470.948006,6.301161029867758,-3.2321026059069355,-0.5546884933282146
1785495471.048409,6.29767696831356,-3.2521310737347995,-0.557781255277486
1785495471.14867,6.299468231014977,-3.2777748642530318,-0.556058206818008
1785495471.24813,6.29929405092334,-3.291356138929776,-0.5542311729466795
1785495471.347644,6.243524394474087,-3.2536461007223876,-0.53909449615488
1785495471.447999,6.363535028068548,-3.3061888507227044,-0.5595652345769084
1785495471.548226,6.286274187691888,-3.278626674397321,-0.5505249814427691
1785495471.648561,6.243065220418485,-3.279978603197304,-0.5378255862872929
1785495471.74887,6.3343163822305915,-3.308285219193715,-0.55006497295482
1785495471.848124,6.256027735069153,-3.330523497601217,-0.5432620318620369
1785495471.948345,6.256063935997928,-3.3418890284300335,-0.5459221139274528
1785495472.048638,6.229415952258333,-3.336464483996415,-0.5375469421385262
1785495472.148001,6.223634199381662,-3.3330070620666494,-0.5296769683724949
1785495472.248309,6.246149726747044,-3.3316103687297085,-0.5408117011168864
1785495472.347427,6.210928874877771,-3.3986577115114276,-0.5331821508494619
1785495472.447791,6.23371211032883,-3.3522593246728007,-0.5416554879091873
1785495472.548085,6.229933216018025,-3.3695490571386313,-0.5475299581681295
1785495472.648283,6.1734139447709495,-3.395981565199396,-0.5360280537673139
1785495472.748642,6.290234908021113,-3.3798060412307365,-0.5574259109364654
1785495472.848065,6.253150755072063,-3.3583462344330237,-0.5535074680370806
1785495472.948588,6.22714867485497,-3.492404485623819,-0.5494824121582617
1785495473.047931,6.21616682501851,-3.4269397370203523,-0.5513291166932359
1785495473.148373,6.2260336590373475,-3.4094622606361464,-0.5458367549199684
1785495473.247737,6.235221142724801,-3.442215878651462,-0.5575063115216382
1785495473.347941,6.252610237800828,-3.4779738239868534,-0.5439974600342338
1785495473.448339,6.2629321944107055,-3.440460787842427,-0.5503532538242387
1785495473.547706,6.270190264705313,-3.4352772075204476,-0.5524932683809338
1785495473.648053,6.2902583346546725,-3.4005190400588847,-0.5514129130166586
1785495473.748156,6.283518484712624,-3.412065834524441,-0.5608682512601153
1785495473.848466,6.315820698855058,-3.4021501245138035,-0.5574356082518609
1785495473.947687,6.340549550209288,-3.3794412710602812,-0.5567215518169124
1785495474.047928,6.3305592836096976,-3.3651722412028993,-0.5597034910063441
1785495474.148109,6.321679070488585,-3.3797744282146027,-0.556807690848788
1785495474.248467,6.283923994475114,-3.3423775057542873,-0.5526848264047322
1785495474.34773,6.2907530303010954,-3.3624890023588097,-0.5546408714376814
1785495474.448065,6.3265346814233485,-3.419821919722117,-0.5646654865623901
1785495474.548357,6.294989724138738,-3.4018632436500584,-0.5609095916647844
1785495474.647703,6.28354294052076,-3.3993600635488597,-0.5550805769301412
1785495474.74817,6.304233605667718,-3.381007830031053,-0.5555310515662066
1785495474.848597,6.293215692303188,-3.3473052509164907,-0.555976592419072
1785495474.948114,6.308316347597323,-3.365455637680892,-0.5552338231121707
1785495475.047427,6.310126299985195,-3.3629436753686113,-0.5554726429966469
1785495475.147552,6.281681795528529,-3.3612664238929875,-0.5494019983404769
1785495475.247946,6.274841454756705,-3.3504914861928343,-0.5531968418939575
1785495475.348135,6.29232513770141,-3.340516005294495,-0.5534208949144008
1785495475.44826,6.264462834633552,-3.3564024655718225,-0.5492749905038754
1785495475.547274,6.2220892926750855,-3.3328122062515577,-0.5437098371258959
1785495475.647349,6.250151066999209,-3.3184243001599025,-0.5510778630899513
1785495475.747637,6.272446074628696,-3.3503974814321515,-0.553691126018697
1785495475.847946,6.223896462291734,-3.345543910009911,-0.547274820585127
1785495475.948329,6.227338239995617,-3.313326890840299,-0.5494499112864208
1785495476.047412,6.251302964489971,-3.3200384950408184,-0.5476737555340692
1785495476.147669,6.173342275206827,-3.334142388882164,-0.5344422965522291
1785495476.247943,6.198159693126761,-3.3002151532539403,-0.5412681706704952
1785495476.34817,6.204667531035067,-3.312476131072415,-0.5381502896142121
1785495476.447556,6.192843187591374,-3.295077430293761,-0.53448425822838
1785495476.547881,6.199768221763328,-3.290863118094614,-0.5342111283632169
1785495476.647962,6.163236520157606,-3.2604087948664944,-0.525445084669983
1785495476.747208,6.145187066308343,-3.252084351731676,-0.5214262638354512
1785495476.847534,6.139343779801044,-3.263160874796074,-0.5189032668617877
1785495476.947729,6.098032450478838,-3.2622507975605752,-0.5211227772125415
1785495477.047896,6.068818973858318,-3.2328110032127992,-0.5088823423620716
1785495477.148106,6.052038855283999,-3.2345750052431868,-0.5112266510390636
1785495477.247341,6.008741708060238,-3.219191999234097,-0.505750971101584
1785495477.347548,5.974938543747077,-3.1833113163754443,-0.5001109578085201
1785495477.447654,5.966509383552035,-3.185531587320817,-0.4904877319917145
1785495477.54824,5.9139236354209395,-3.1957009046746343,-0.48551337423033025
1785495477.647563,5.944314939490064,-3.1984526465856566,-0.48979446838533564
1785495477.747836,5.924521948486301,-3.184546535417462,-0.49256699877521903
1785495477.848125,5.895839982324215,-3.145227649892797,-0.49037684376022667
1785495477.948432,5.884705762039198,-3.153000649966897,-0.48690263432639513
1785495478.047707,5.848510588415081,-3.1299808775026667,-0.47630342774510254
1785495478.147897,5.816052458151873,-3.1420568840337944,-0.47490765110494315
1785495478.247282,5.796537081141727,-3.123775102227985,-0.468771099703337
1785495478.347621,5.78677266198704,-3.147840360246029,-0.4783937915896666
1785495478.447862,5.783310015262262,-3.142425014992326,-0.47905100314697474
1785495478.548102,5.816853308753367,-3.0549815094213733,-0.470453685944816
1785495478.648284,5.805565809002009,-3.0753295461749386,-0.47518129431765405
1785495478.747646,5.805807947495767,-3.079815650220556,-0.4809998995733928
1785495478.848028,5.825306455710227,-3.075891815650654,-0.4914960907700034
1785495478.94834,5.7897824640514175,-3.070628559526282,-0.48588988982771464
1785495479.047824,5.775866883932458,-3.056233962350692,-0.4748754216504142
1785495479.148121,5.715842616476376,-3.0585912391002905,-0.4685637324967757
1785495479.247388,5.7141011155647154,-3.0459880824074554,-0.4611438606592978
1785495479.347851,5.66306153657411,-3.007294320250254,-0.44767425758418755
1785495479.448021,5.67456254328188,-3.001441942799229,-0.45654362956196237
1785495479.548336,5.6531834179514,-3.0735312201994085,-0.4531252900609693
1785495479.647612,5.5736836144656285,-2.9428228789845265,-0.45077123254067714
1785495479.747928,5.57656464117406,-2.9478016377810627,-0.4454889105143267
1785495479.847356,5.581159708284885,-2.9222738095884653,-0.44997681203462
1785495479.947847,5.534215869089861,-2.9191711680841173,-0.4463969185068818
1785495480.048101,5.482304997880127,-2.8999208247615735,-0.4450711091290766
1785495480.147487,5.463175313705783,-2.914251769174061,-0.44469027557327667
1785495480.247876,5.408434254258651,-2.843738263867854,-0.4262755492529597
1785495480.347346,5.399713604976465,-2.86892314002589,-0.4214880791088328
1785495480.447697,5.382318760496571,-2.8640091765887608,-0.4250686915186681
1785495480.547919,5.391169850067254,-2.8534384676996907,-0.4291415139620565
1785495480.648038,5.398339164324473,-2.8423269899649948,-0.42698803762728754
1785495480.74846,5.38848221945406,-2.840051928703603,-0.4240331904909
1785495480.847726,5.365755129249063,-2.842931106743522,-0.4211656244774515
1785495480.947945,5.328839450290662,-2.840812683388924,-0.416964023992528
1785495481.047436,5.330357863247823,-2.8621187708413127,-0.41336608220684706
1785495481.147726,5.2840354938263765,-2.8663874409161023,-0.4120718530622711
1785495481.24804,5.302325134278424,-2.8798979182066677,-0.413602733709776
1785495481.348354,5.3751327050560835,-2.8865390395658146,-0.4314588591265231
1785495481.447686,5.329775269909367,-2.880334136888823,-0.418689711987086
1785495481.547856,5.314029045249982,-2.8637190170965323,-0.4138290517763412
1785495481.648076,5.325676985680416,-2.847223595344338,-0.4193094824249053
1785495481.747498,5.340041645870643,-2.8566465522151585,-0.4243401484415863
1785495481.847949,5.347866523363841,-2.8523853676265665,-0.43210108825460136
1785495481.947265,5.3400079339121795,-2.8427014082326854,-0.42388459232136627
1785495482.047561,5.321396196772094,-2.8520221175785565,-0.4171555520474093
1785495482.147675,5.340370138258539,-2.851220336662187,-0.4171426330010183
1785495482.247947,5.316763951765706,-2.87264540127426,-0.413125536950954
1785495482.348193,5.298596048716277,-2.881691735998835,-0.4098668465576007
1785495482.447424,5.299550191469429,-2.8844269052888953,-0.41154188654249363
1785495482.547549,5.294791479551421,-2.8890474078313124,-0.41563391940952893
1785495482.647779,5.283366108571097,-2.9187016060636695,-0.40614734932173435
1785495482.747976,5.256251965266923,-2.931917637459274,-0.4058592220873775
1785495482.847116,5.263083407929409,-2.94247141945903,-0.40707607159044756
1785495482.947389,5.257154734822352,-2.9444200200349613,-0.40662591238748835
1785495483.047608,5.253346399030652,-2.9502125117294216,-0.4005835477776271
1785495483.146911,5.226086720061844,-2.944489684920538,-0.38564003620127774
1785495483.247022,5.204468609621484,-2.9311427816023876,-0.38761041509442057
1785495483.347089,5.122731611195463,-2.9713660117350753,-0.3840575200915421
1785495483.447441,5.122446409639937,-2.9698862031240396,-0.39419452621339124
1785495483.546876,5.119510354358179,-2.987872955022775,-0.37544380313560227
1785495483.647059,5.185297171077347,-2.959526666749183,-0.3913059596380811
1785495483.747361,5.240587204287055,-2.9393987785217472,-0.3998078972141514
1785495483.847621,5.2872903160368345,-2.963614948243032,-0.4022246820669891
1785495483.947969,5.2959656991474375,-2.9486633517434346,-0.4008870901757901
1785495484.047234,5.282369219428959,-2.923843703717562,-0.4040511405749677
1785495484.147334,5.235920244376899,-2.942493520449498,-0.3965404722289576
1785495484.247586,5.23557460556208,-2.910119501317298,-0.3932889620798151
1785495484.347994,5.234959635301798,-2.8856096864580763,-0.399031015531512
1785495484.447534,5.219073843827955,-2.8929429735983367,-0.38851105977902545
1785495484.547191,5.21951996598548,-2.9066224750290863,-0.39824096201366127
1785495484.647402,5.189575488343698,-2.923158380109187,-0.3914760203873349
1785495484.746739,5.197438323576449,-2.945494214355321,-0.38801266019818115
1785495484.847093,5.165707114988194,-2.9308405530786175,-0.3758647538329286
1785495484.947557,5.136873902377187,-2.8824900830009614,-0.3713845350055975
1785495485.04793,5.096492630847147,-2.886742895780804,-0.363782152938211
1785495485.147319,5.067328734129436,-2.8927999305666616,-0.35904576505929753
1785495485.24766,5.05193383826935,-2.9273498903337765,-0.35902707509335485
1785495485.347877,5.011682412993722,-2.909964935408381,-0.3515727950707426
1785495485.447114,4.977373907106989,-2.928236386730677,-0.3577624381241071
1785495485.5475,4.941809232949685,-2.9223753379754607,-0.3634021762290535
1785495485.646875,4.956037252609646,-2.9485723133357946,-0.374271553867622
1785495485.74717,4.931753730728917,-2.9135828268160893,-0.3733295710436457
1785495485.847357,4.866588145187597,-2.8737013572085917,-0.3558375854477855
1785495485.947535,4.865851919237697,-2.854966349237274,-0.35451395968460475
1785495486.047722,4.859081222229067,-2.841759372811367,-0.36370370803251845
1785495486.148092,4.843675956835612,-2.827481566651582,-0.36200375535041757
1785495486.247229,4.809709314006482,-2.811621828643124,-0.35303025565693097
1785495486.347424,4.779089950011951,-2.811119975119155,-0.3418389124052221
1785495486.44764,4.799829474703898,-2.763565245768885,-0.33723708206850583
1785495486.54805,4.734885823642571,-2.799158058866421,-0.320551300917311
1785495486.647336,4.663143891377766,-2.7340584633430005,-0.3306912015955223
1785495486.746684,4.592553057845167,-2.739939726908613,-0.3309104873496167
1785495486.84699,4.56661248483759,-2.7650198243445914,-0.3157592264809772
1785495486.947125,4.573498313592578,-2.800266745014552,-0.2983727708389714
1785495487.047481,4.57354869201861,-2.743796651030352,-0.29169215097798457
1785495487.148212,4.619577289049406,-2.789922205673496,-0.33056426894138863
1785495487.247342,4.506057527402559,-2.682989333196659,-0.327740135420814
1785495487.347565,4.518800783607284,-2.6996375106696346,-0.3120715441015696
1785495487.447875,4.526931247441882,-2.6952868092042475,-0.30564449725678866
1785495487.547728,4.525089602638572,-2.6868810290794447,-0.30772068525603774
1785495487.648048,4.464803749625839,-2.6107615736017187,-0.3044598823423347
1785495487.747299,4.4457340635269915,-2.6215666352706597,-0.29591807769959155
1785495487.846704,4.4504229581526875,-2.663845845866279,-0.29875175183366826
1785495487.946829,4.436291848026901,-2.6767045236979627,-0.29985323658135377
1785495488.047096,4.3563635924539685,-2.6435842367387905,-0.2681441489086972
1785495488.147276,4.339617743162073,-2.6305622398437105,-0.2561543846742297
1785495488.247522,4.353890406076524,-2.608436928293881,-0.2631929109041968
1785495488.346823,4.3442807666819006,-2.6139755379581997,-0.263495588082736
1785495488.447053,4.301860244864405,-2.610487713552437,-0.2576015623305568
1785495488.547356,4.299833464724291,-2.626927910513213,-0.269327735395779
1785495488.647566,4.276295444334167,-2.634189621727067,-0.25830338315010165
1785495488.74788,4.263163150412919,-2.5887761141186183,-0.23803002680111907
1785495488.847288,4.239175261335787,-2.546753907736745,-0.23243000802474795
1785495488.947622,4.156381346054811,-2.532963145553797,-0.23436618937929654
1785495489.047029,4.175377856562849,-2.5703421823285164,-0.24483559395745363
1785495489.147283,4.204075859561772,-2.550521761430834,-0.23494394350119202
1785495489.247383,4.1601677807997195,-2.5156047147045575,-0.2133043716333815
1785495489.347822,4.113544137938321,-2.5106308010361036,-0.21333711167363906
1785495489.447304,4.098080505849052,-2.511199318059133,-0.21994924135900235
1785495489.54747,4.045268591733064,-2.4756017247083353,-0.22141446116022062
1785495489.64771,4.039204607885173,-2.472472674608135,-0.21412905721045855
1785495489.747905,4.008316239318701,-2.4373713153920566,-0.21723773745007274
1785495489.847304,3.997997036989767,-2.4399969371235555,-0.20755290355442657
1785495489.947589,3.9679804079742436,-2.4572113294069746,-0.22115841669274033
1785495490.04689,3.918727042206083,-2.4372680822476,-0.230371558163513
1785495490.147238,3.843363469215726,-2.395048527409738,-0.22608112607001157
1785495490.247435,3.803042804933874,-2.383309561306248,-0.23217594171559158
1785495490.347762,3.7162647961369504,-2.376506178387588,-0.25439078105239643
1785495490.446967,3.67025878364029,-2.370954764770415,-0.26113808092879515
1785495490.547205,3.6466608792723734,-2.3122969773066164,-0.2450850992886086
1785495490.647274,3.590982714908202,-2.318550077332521,-0.23086827760505696
1785495490.747716,3.6034458916013103,-2.3168392003045977,-0.21540568114493064
1785495490.847998,3.583753421751623,-2.296360935945825,-0.2234835085634036
1785495490.947342,3.567927018307298,-2.2853416265584454,-0.22960551430557102
1785495491.047467,3.522456580940424,-2.2560005976793547,-0.21193502759758326
1785495491.146819,3.4879764065332384,-2.262130569880681,-0.19124927739489345
1785495491.246979,3.4652728983942374,-2.2562677737832404,-0.1948629695394059
1785495491.347097,3.4097242678824373,-2.246728100123043,-0.1831597350600344
1785495491.448132,3.4234369024072135,-2.2391418739738107,-0.20422340043274306
1785495491.547389,3.4014106413791954,-2.2330900079701084,-0.2168243990501807
1785495491.647634,3.395127425637036,-2.19118871365513,-0.21090644095819877
1785495491.747832,3.3358446370365633,-2.1741901626324496,-0.1831531636398257
1785495491.847922,3.3590683927782914,-2.157254431963049,-0.18605292096044146
1785495491.947332,3.348236423140333,-2.1296187474684647,-0.18594907346197131
1785495492.047414,3.316591509928636,-2.111167896047699,-0.200777771242378
1785495492.147798,3.2590615871864017,-2.0899103529193415,-0.21584726171183904
1785495492.247023,3.25602838174482,-2.1567675321403184,-0.20592281985738714
1785495492.347284,3.22672825780839,-2.118177878352401,-0.16864653499125626
1785495492.447619,3.2180990713000837,-2.1113866262996503,-0.14699062302650723
1785495492.547903,3.1919647730953837,-2.054722798594465,-0.14084301122404358
1785495492.647207,3.1524051593662703,-2.039584916750978,-0.1625525000398505
1785495492.747508,3.1337126791665146,-2.035049275586385,-0.1828469862655176
1785495492.847983,3.132706346411009,-2.0537107468410514,-0.19831687401822679
1785495492.948289,3.148091711754421,-1.9892249750500517,-0.17287216114236997
1785495493.047671,3.1360927483740317,-1.977039649641136,-0.15183316419831572
1785495493.147132,3.098444415634625,-1.9867650216191979,-0.1621027457203158
1785495493.247332,3.0559808757391527,-1.9887855824748564,-0.17379009468671935
1785495493.347857,3.0840724645600495,-1.9761383394566843,-0.15702755158112258
1785495493.448084,3.0629758303197696,-1.9509736268804387,-0.1478332998146853
1785495493.547515,3.063916793345081,-1.9551161833773345,-0.14525807742584274
1785495493.646915,3.0239586315806815,-1.9542576428013283,-0.12848528565866235
1785495493.74707,2.992351083301731,-1.9413336538782862,-0.11596289459863302
1785495493.84737,3.0022973142461082,-1.9451786429921407,-0.12493633067512283
1785495493.947504,3.0205787626729528,-1.9667445903635916,-0.13668774967967162
1785495494.047746,2.9607223174026966,-1.9535796168688673,-0.12841571014294872
1785495494.14795,2.9678765821586817,-1.9507405571117562,-0.12874377126362246
1785495494.24719,2.9722455098865614,-1.9529786278558199,-0.1300255714489712
1785495494.347324,2.976365921231661,-1.9579233520996104,-0.1290897948420084
1785495494.4476,2.983220993019604,-1.9627201753888956,-0.12718607465590143
1785495494.547838,2.981762440301499,-1.9600349782824817,-0.12763691340995242
1785495494.648015,2.990254350434439,-1.96337955029936,-0.12875969546421834
1785495494.747235,2.9922591287159284,-1.9650574303637631,-0.12950949851946447
1785495494.847585,2.994658523364384,-1.9643896760042316,-0.13240877821057717
1785495494.947633,2.9924584651049613,-1.9624196572913029,-0.13015485929522924
1785495495.0478,2.994741385568006,-1.9626413560355724,-0.12827749216106837
1785495495.14811,2.9867431630079757,-1.959209832518985,-0.12950877673779515
1785495495.247175,2.9911673032466517,-1.960514216051581,-0.12598602703526296
1785495495.347324,2.98960634169937,-1.9651155887713145,-0.1289473538646026
1785495495.44757,2.9932734737473683,-1.961669599012814,-0.13020684424483486
1785495495.547739,3.0023328418743414,-1.9615892087963163,-0.13143866105909746
1785495495.647967,3.008746685469874,-1.9618031086973915,-0.13151937436815941
1785495495.748181,3.0121819218155546,-1.9598640099012143,-0.13166792053728793
1785495495.847369,3.009809652785322,-1.9647437569983184,-0.13007649008404576
1785495495.947674,3.010148006676353,-1.9678197907759758,-0.13105024378542873
1785495496.047862,3.0102124536381374,-1.9676704465357509,-0.13279075723889683
1785495496.148084,3.0184045794954364,-1.9661902523000285,-0.13178022929616545
1785495496.247365,3.0170081307687133,-1.9642830363672577,-0.13332201431965718
1785495496.347564,2.9991076917999173,-1.9640881728236992,-0.1294492033705037
1785495496.446835,3.006487202533264,-1.967608702274591,-0.12863762568441794
1785495496.547035,3.0021650874949177,-1.9682608293501056,-0.13105743181497198
1785495496.647121,3.0020135131988357,-1.9676721380536117,-0.13191724049396197
1785495496.747404,3.0076937816880056,-1.9631121200192894,-0.1346200433499089
1785495496.846658,3.0079126257232476,-1.9634264102039165,-0.13332575636864713
1785495496.947016,3.0097744506786808,-1.961578014956102,-0.135439368827021
1785495497.047148,3.015183931413872,-1.964955839267428,-0.1364115010711734
1785495497.147352,3.0075825027660024,-1.9633772858573306,-0.13383376095078725
1785495497.247467,3.01913388875172,-1.975497485132462,-0.13436711722068717
1785495497.347761,3.016426536198377,-1.9760961704874205,-0.13248792068876641
1785495497.446934,3.019846769676304,-1.9706236207278292,-0.13510486374129455
1785495497.547425,3.024170334680221,-1.968617500148722,-0.13421847587208235
1785495497.646692,3.0218147912480906,-1.9695860942133063,-0.13040836599803662
1785495497.746876,3.0206727682033527,-1.9727645548797792,-0.13420951724887548
1785495497.848027,3.0150103757786297,-1.972583956545414,-0.13322817411012033
1785495497.947162,3.012704442074458,-1.9695798028399922,-0.1343570811051773
1785495498.047352,3.007561714082257,-1.970064618860303,-0.13242457080979958
1785495498.147583,3.008157304239346,-1.9691855431933487,-0.13178619861301594
1785495498.247865,3.0130633885473017,-1.9671390781861364,-0.1325489445318665
1785495498.348174,3.0101296553683974,-1.9671695155395141,-0.1313853940468404
1785495498.447544,3.0057716782701163,-1.9672738367428169,-0.1335748356655877
1785495498.547754,3.0062741147031784,-1.9697190842531234,-0.13387035194600466
1785495498.648096,3.002656025633979,-1.9646329203251727,-0.13131913852346633
1785495498.747259,3.0070574410876416,-1.96389546629918,-0.13396682249592612
1785495498.847444,3.010804266354523,-1.964644235514226,-0.1320350388332494
1785495498.947558,3.015431350152255,-1.9682433030399924,-0.13179379695059668
1785495499.046717,3.015478726442069,-1.9698276983440843,-0.13199276411025668
1785495499.147348,3.0146279932753828,-1.9684621420897135,-0.13077469742697978
1785495499.247549,3.012798543391657,-1.9725335088443205,-0.13273692359124784
1785495499.347864,3.0163734417241788,-1.969227121101132,-0.13402197662195237
1785495499.447115,3.014566354381617,-1.9614366461065238,-0.1340894077189973
1785495499.54725,3.0150346617746058,-1.9617951979656871,-0.13333526760927034
1785495499.6466,3.016293400969546,-1.9617710479696,-0.13228680731253656
1785495499.746907,3.012712839890065,-1.9613594477577436,-0.13284556293653865
1785495499.847189,3.0149502277918763,-1.9618146446452438,-0.13008517409454978
1785495499.947517,3.0135199614196164,-1.9633931205761603,-0.13357880875506728
1785495500.046848,3.013224316190175,-1.9694729960253747,-0.13168704125818176
1785495500.147115,3.0177558545068233,-1.96907857142619,-0.13276804603530828
1785495500.246704,3.016993421755447,-1.9662615997415502,-0.13232921955765153
1785495500.34699,3.0190178981866462,-1.961305182906683,-0.13317391914095772
1785495500.447287,2.9962514699094096,-1.9590091033976105,-0.13180529537568042
1785495500.547509,2.9941587593420467,-1.9550883348426717,-0.1274293004875801
1785495500.64695,2.991664526760901,-1.9502603475323574,-0.12793158572403518
1785495500.746349,2.997836168105855,-1.9450610084881654,-0.12843523305808363
1785495500.846598,2.994426911447889,-1.9455457305708264,-0.1274815309395334
1785495500.946779,2.9877360647742623,-1.9446455087002628,-0.12708341584193728
1785495501.046478,2.9928493182330285,-1.952567976530742,-0.12594524571387983
1785495501.146583,2.9951552588643358,-1.949021848319802,-0.12650191860765508
1785495501.24678,2.9931830025490473,-1.942629236318552,-0.12682129452031693
1785495501.347014,2.993963913106347,-1.942711944225579,-0.1284056227212138
1785495501.446582,2.9985583858927334,-1.9388127566773001,-0.1279188428887741
1785495501.54676,3.0067213623082814,-1.937692730112982,-0.128661150474924
1785495501.646096,3.003319257992844,-1.9517323211454747,-0.13003575873473178
1785495501.746386,2.9518486254884984,-1.9552175433986487,-0.12242254698170485
1785495501.846561,2.9864320915696996,-1.8950625808039785,-0.12710095662600251
1785495501.946899,2.9827641930075104,-1.9020297034994182,-0.12664214546322516
1785495502.04605,2.9909567444842877,-1.9063621150696148,-0.12782203388077928
1785495502.146299,2.995461413149629,-1.9080000427459607,-0.12658818139792632
1785495502.246323,2.9906077841013095,-1.9158194853065653,-0.12686991078280324
1785495502.3465,2.987171921158093,-1.9355211077997008,-0.1254848951910315
1785495502.447049,2.9952817551061908,-1.9403016131080213,-0.1280721610292785
1785495502.547116,2.9926867439636076,-1.94533650273933,-0.1266583353711489
1785495502.646495,2.997064433261742,-1.9440508083931811,-0.1274305440514707
1785495502.746708,2.9956647807616914,-1.9394211626391133,-0.12763916681078086
1785495502.846037,2.994733396045005,-1.9405036849752746,-0.13068653831535887
1785495502.946276,2.9986785540376353,-1.9381721098689753,-0.1284806494476603
1785495503.046479,3.0062879606507122,-1.9396961939596216,-0.13255714641764094
1785495503.146559,3.002487108961676,-1.9407194754863064,-0.13325965939580992
1785495503.245792,3.006271324762979,-1.9417369622940515,-0.13161635471540684
1785495503.346045,3.003604542498254,-1.943403048079386,-0.13074924593618675
1785495503.446295,3.009405003580464,-1.9404039249366167,-0.1288817846425767
1785495503.546663,3.0116003231578046,-1.9431558119394057,-0.12921519841172235
1785495503.646974,3.012186714318526,-1.94338334781288,-0.13193866187897985
1785495503.746408,3.01040199562732,-1.9472661152441701,-0.1330663305178732
1785495503.846751,3.0083250087825686,-1.9496841385148225,-0.133213613915793
1785495503.947074,3.0085626258365274,-1.9429024551506473,-0.13303043705549328
1785495504.046992,3.0100633359188875,-1.9466260433932407,-0.13260731983194513
1785495504.147046,3.00786396466259,-1.949025550540179,-0.132202569257523
1785495504.247186,3.014665905646524,-1.9518418978701164,-0.13433660031282102
1785495504.34648,3.0145480447313195,-1.9481195890963174,-0.13357736909171297
1785495504.446755,3.022351313224301,-1.947324997914451,-0.13477028289066467
1785495504.546991,3.0072468487794812,-1.9480716811142225,-0.13128682964890553
1785495504.647241,2.9797444161697224,-1.9421164763502348,-0.12665721111743122
1785495504.747437,2.9883630801309864,-1.9393580852384744,-0.13219024959985198
1785495504.846483,2.987891565876052,-1.9349359149954461,-0.13018163996387078
1785495504.946623,2.9911933543812403,-1.929862562360685,-0.13131348663292175
1785495505.046893,2.9916790381300786,-1.9320444242126638,-0.13231269607508478
1785495505.147121,2.9919065791189543,-1.9309615194956546,-0.13221654254313492
1785495505.247279,2.995878526586811,-1.9309290391295728,-0.13283510623435302
1785495505.347341,2.995118826578466,-1.9331975880938634,-0.13152525385590835
1785495505.446474,2.9991792084042115,-1.9307650446974138,-0.1301890154712403
1785495505.546713,3.0028316796039562,-1.9339202724506035,-0.12999527075392459
1785495505.647195,2.988406167017868,-1.944891317495513,-0.12975249381957044
1785495505.747325,2.994528689782958,-1.948708443636511,-0.1317240478817578
1785495505.846527,2.9926153389132417,-1.9465892517801984,-0.1304040105864923
1785495505.946874,2.994746132777496,-1.9435106399227906,-0.13162552309335301
1785495506.047143,3.012943494539109,-1.9409420999081504,-0.13223790123218382
1785495506.146276,3.0176150580262684,-1.9441586338175043,-0.13243888383464764
1785495506.246578,3.0238293720650105,-1.9456622653910467,-0.13473713880088067
1785495506.346806,3.016258487772051,-1.9440578392702372,-0.1323641216232639
1785495506.446005,3.0157523644767905,-1.951639828978612,-0.13397619180925668
1785495506.546239,3.0121503590322702,-1.953092512682639,-0.13317581557235003
1785495506.646479,3.015968060645126,-1.9489738777853352,-0.13620385677437896
1785495506.747008,3.012287222845939,-1.949459910730914,-0.13525346675817584
1785495506.84624,3.0123931124574175,-1.9514266671125333,-0.13398470991010686
1785495506.946577,3.0140257029621376,-1.9514526309816278,-0.1347588321542087
1785495507.045897,3.0150268309220944,-1.9495214164911596,-0.13557186947311878
1785495507.146097,3.013168777805464,-1.9502060443978364,-0.13384017246452334
1785495507.246433,3.0148235753350567,-1.9479541567697929,-0.1354944514570366
1785495507.346697,3.0126963682433177,-1.947670485624343,-0.13316801076252144
1785495507.447048,3.007951736840353,-1.9434516814407192,-0.13159804362658434
1785495507.546226,3.006995568055218,-1.9471091229448603,-0.131799615380281
1785495507.646472,3.004393968696021,-1.9495586530935511,-0.12859544283252566
1785495507.746664,3.008218737256663,-1.9445589370107648,-0.13290118899365638
1785495507.846965,3.0079668252882175,-1.9421155877435103,-0.13183991342430607
1785495507.946998,3.004853991305882,-1.940409433741529,-0.13120282338665
1785495508.046061,3.008393430867847,-1.9428040352897153,-0.13057963491740077
1785495508.146408,2.9998706983527823,-1.956255863259289,-0.1294036390941135
1785495508.246478,3.0052677540322086,-1.9495023506791382,-0.1309965293323186
1785495508.346611,3.004359067007999,-1.9512625392831042,-0.1300375969600034
1785495508.446724,3.0053617444893566,-1.955903295815381,-0.1307517326974333
1785495508.546008,3.0115469321924015,-1.9508507250349185,-0.1308481563112835
1785495508.64602,3.0131676710243953,-1.9516518965033278,-0.132110448158205
1785495508.746041,3.015176835738276,-1.9502723832027624,-0.1318999875894875
1785495508.846119,3.0183230209404326,-1.948079959298878,-0.13089843569672488
1785495508.946329,3.0153184106671396,-1.9487947436836444,-0.13198113017933794
1785495509.046409,3.0162254728927866,-1.9475488606187705,-0.13259012887193805
1785495509.145609,3.0183043243383976,-1.9473560746475116,-0.13284550855344684
1785495509.245861,3.019223639631914,-1.9463572256848158,-0.1311976494324253
1785495509.346221,3.0169659483411913,-1.9472818349605043,-0.13319805797883055
1785495509.44562,3.015542822926092,-1.9458162328355744,-0.13195519857432264
1785495509.546012,3.0110726548995776,-1.950299561808502,-0.13172507759757357
1785495509.645237,3.006566661945346,-1.947892936250601,-0.1307493325779533
1785495509.745549,3.0065845778296025,-1.9450517581132734,-0.13129055774472714
1785495509.846002,3.0004202006634015,-1.9647188415046064,-0.1293899192155149
1785495509.945202,3.0020314739543035,-1.9587732715043702,-0.13039810126484597
1785495510.045433,2.9977597807282996,-1.9507581161484226,-0.12963223228605486
1785495510.145793,3.000238403103125,-1.9469281438728405,-0.13105390548516133
1785495510.244912,3.008812631866675,-1.9458963079381282,-0.13129778790301116
1785495510.344995,3.012237558512996,-1.9441022622292015,-0.13244529792793935
1785495510.445111,3.0122954168074423,-1.9475591276703725,-0.13307234181002803
1785495510.54526,3.004827752032558,-1.945510995268865,-0.12994455445622494
1785495510.645536,3.0048797712713737,-1.9473802125957045,-0.1327891854206742
1785495510.745633,3.017067191743183,-1.9649422314950962,-0.13861343189282344
1785495510.845674,3.0144141649159804,-1.9584488617165343,-0.1361569071392334
1785495510.945911,3.0169399312980807,-1.954533388098003,-0.1339440925026077
1785495511.04608,3.0175483272661316,-1.9463028944580665,-0.13369591602990427
1785495511.146358,3.017109191151426,-1.9511892355403824,-0.13223930359651326
1785495511.245685,3.010925739706884,-1.9441182924542997,-0.1322875510494696
1785495511.345773,3.0045399529010366,-1.9463011900755784,-0.1315819441707073
1785495511.446066,3.0047671560394478,-1.944071728181363,-0.13277447258849412
1785495511.545388,3.0060153785137014,-1.9420621189930547,-0.13139781456435606
1785495511.645666,2.9996140974577186,-1.9437872092526376,-0.12782795703627237
1785495511.745943,3.004000823750997,-1.9465522105690864,-0.12994303025945392
1785495511.845134,3.004806929293548,-1.9467909122872995,-0.13225885077718225
1785495511.945417,3.012797437250099,-1.939291319681332,-0.1336919484646053
1785495512.045609,3.0167233769012105,-1.9459657888339343,-0.13252059556470153
1785495512.145757,3.0138624695400016,-1.9494173814059308,-0.13214511337699042
1785495512.245976,3.0102882654613263,-1.9500413989453025,-0.1320769689977595
1785495512.345248,3.013713589811669,-1.9555287619002457,-0.13343049887112596
1785495512.445556,3.01509503195229,-1.9542848760649998,-0.1330441878970453
1785495512.545858,3.014938977626544,-1.95175880351272,-0.13287582648924784
1785495512.645135,3.0178591032123148,-1.9517376527513381,-0.13361659186323738
1785495512.745364,3.0166585142245266,-1.9467754385899847,-0.1336734574097812
1785495512.845575,3.017569063942006,-1.9431610331053157,-0.13408441929047993
1785495512.945595,3.0126106067558314,-1.9443057767899603,-0.13563179010257936
1785495513.045677,3.0133756877123408,-1.9503177050149458,-0.13383485789319266
1785495513.145845,3.0069024487370393,-1.950575732276889,-0.13208391743928322
1785495513.244993,3.013004944408527,-1.9512880411939786,-0.13117845261536376
1785495513.345056,2.9997152408278467,-1.9525436838521402,-0.12832938608677402
1785495513.445218,2.997170608721509,-1.9550604581843463,-0.13037281749609153
1785495513.545351,3.0055597979780138,-1.951776503347046,-0.13007555394312192
1785495513.644817,3.0057812057149156,-1.9505393758425629,-0.13139015880544574
1785495513.745017,3.004862369222966,-1.9492541347750039,-0.1338242079989279
1785495513.845058,3.0127719248926677,-1.9440026264671004,-0.13403260024041108
1785495513.945001,3.009809258396918,-1.946450133396818,-0.1317578627446475
1785495514.045029,3.0081070427877767,-1.9490428385879426,-0.1321774869956141
1785495514.145226,3.01400746288152,-1.9517207745935257,-0.1339244049685746
1785495514.245482,3.0102318116859763,-1.9512454040590164,-0.13467166592751
1785495514.344832,2.996868645927724,-1.9497377831085476,-0.1278843470788984
1785495514.445235,3.0139607479442505,-1.9589254461132943,-0.13266870501116562
1785495514.544337,3.0094220101656988,-1.9558167734941623,-0.1306525869202707
1785495514.644792,3.011412728602638,-1.9591587530875785,-0.13004151718556278
1785495514.744888,3.009493771926578,-1.9569480870092786,-0.12969943572732573
1785495514.844962,3.008217892566255,-1.9571723268660883,-0.13175630530143173
1785495514.945053,3.0102905183514124,-1.953337419653739,-0.13194543125341646
1785495515.044351,3.0089879355862545,-1.9536878335719607,-0.13368125450347285
1785495515.144577,3.004170862810739,-1.9477020575396102,-0.13048512065526624
1785495515.244687,3.007673072622841,-1.9497547481373598,-0.13284079109754043
1785495515.344805,3.0050352343391316,-1.9463805307422366,-0.13264654228456202
1785495515.444924,3.011052077469606,-1.9436627564978355,-0.1328158819594994
1785495515.544919,3.008887299585131,-1.9412235784014884,-0.13245202377881155
1785495515.644022,3.006099018834685,-1.9419429838271305,-0.1312387390958863
1785495515.744318,3.008133616615966,-1.9447713986972954,-0.13251595873033373
1785495515.844588,3.009564011061548,-1.9488426398437166,-0.13288726037501603
1785495515.944589,3.012797193618125,-1.9481560524048893,-0.13319615352513736
1785495516.043812,3.0143533177083564,-1.9480883517813865,-0.1337859899261415
1785495516.144255,3.0083686693065,-1.9486528645373642,-0.13362739840167887
1785495516.244422,2.993636184179297,-1.9391192734731322,-0.12871803293112072
1785495516.344643,2.9978379583735224,-1.94121740234906,-0.12930879261329536
1785495516.443768,2.999241492755543,-1.9592386401841788,-0.13032360063750542
1785495516.544085,3.00026588342619,-1.9575548950331694,-0.12878261433314758
1785495516.644362,2.9983728837777375,-1.953494450029578,-0.12927376199071555
1785495516.743753,3.0036560566498323,-1.9477636565697285,-0.129502127463879
1785495516.844224,3.012723018881477,-1.944196412453169,-0.13071165981050725
1785495516.944397,3.006487933471588,-1.940603853509779,-0.1292724427461877
1785495517.044775,3.013503556439886,-1.956971926222462,-0.12918376794869302
1785495517.144018,3.0143014882265917,-1.9535849302735946,-0.13356661010312282
1785495517.2443,3.011663464743366,-1.9537167758122485,-0.1328105389182052
1785495517.344644,2.9995807703331927,-1.9422877904212397,-0.12841260606636706
1785495517.444958,3.0056926639915837,-1.9534078945791256,-0.13530674602031711
1785495517.54516,3.005777133418499,-1.948601298392647,-0.13207938301692934
1785495517.64443,3.006785844224413,-1.9472615491561065,-0.1328758702635966
1785495517.744815,2.9998584913952544,-1.9475958851636257,-0.1309401524706304
1785495517.845021,3.001353284523536,-1.947483966591369,-0.13222218678272007
1785495517.94508,3.002264759715659,-1.942360889657076,-0.130981392510295
1785495518.045099,3.007563877640444,-1.9455466810859252,-0.1311591329901058
1785495518.145203,3.004609262019931,-1.9486632393575045,-0.1297968008957769
1785495518.244393,3.005872092884479,-1.946658491499476,-0.13192143825839436
1785495518.344637,3.0079140612183135,-1.9453414289917053,-0.13130624374781485
1785495518.444814,3.0096983451141024,-1.9458865506487113,-0.1337207983199049
1785495518.544968,3.010436309879377,-1.9451292084895695,-0.1353162917249212
1785495518.644929,3.009761644279055,-1.9481533371555946,-0.13364715780635034
1785495518.744162,3.0075796731295275,-1.950979307877452,-0.13554500377444784
1785495518.844391,2.990781723252307,-1.9434821936943847,-0.13345987253772307
1785495518.944637,2.997625139441759,-1.9450724217943844,-0.13068400510111094
1785495519.04475,2.999678038108567,-1.9511520352316822,-0.1328451246055561
1785495519.145024,2.9985903990541054,-1.949236948566075,-0.1304786467933325
1785495519.244415,2.994549276704793,-1.951596127861549,-0.13250430917362188
1785495519.344682,2.998172311023353,-1.9491756819931758,-0.13459531530709312
1785495519.444793,3.006693060408975,-1.9510826082798276,-0.13521829269489083
1785495519.544917,3.010795427071126,-1.9458975196433947,-0.1322160086421647
1785495519.64412,3.0143302648328016,-1.9494391674227165,-0.13264208881396555
1785495519.74432,3.0076409733615597,-1.9499697272153846,-0.1312444882063865
1785495519.84463,3.0119368023546422,-1.9510717830625035,-0.1325904724539323
1785495519.944697,3.006271654407861,-1.950830624158842,-0.1329828730444148
1785495520.044088,3.010548582841382,-1.9497099514049774,-0.13341813386279855
1785495520.144353,2.9977967491076507,-1.9491514091478774,-0.12693262883946332
1785495520.244416,3.0150237160800777,-1.9477408665497091,-0.13319781888767873
1785495520.343823,3.010257187059115,-1.9511132031791354,-0.13271209235185288
1785495520.444073,3.0051896148173998,-1.9474852615416127,-0.13066522529852287
1785495520.54436,3.00603657511906,-1.9458156635672264,-0.1296704727859606
1785495520.644487,3.011278075467442,-1.9492054724914236,-0.13556136346704561
1785495520.7436,3.0109560744393153,-1.9505219030705108,-0.13616782836262092
1785495520.843989,3.012050723376686,-1.9508086417480055,-0.13379451481690063
1785495520.94411,2.995660014776155,-1.9451955988020249,-0.13081588393899135
1785495521.044321,3.004581554841724,-1.9422131472543833,-0.13437005624358034
1785495521.143558,3.0107156310077814,-1.9435281955172667,-0.13338764056524222
1785495521.24373,3.0130250229100355,-1.9622797476328773,-0.13561139102642916
1785495521.344049,3.013328734434967,-1.9602638709244,-0.13357119927940625
1785495521.443263,3.0109244937920328,-1.9568775840163544,-0.13282278181246282
1785495521.543439,3.0143713708853324,-1.956300141466324,-0.13343681199554963
1785495521.643712,3.0151741494525433,-1.9507396317191448,-0.13298169147542027
1785495521.744072,3.018567531480819,-1.9525013654025642,-0.13313890958561647
1785495521.844289,3.019847000283655,-1.9500682022609181,-0.1338577357614819
1785495521.94326,3.0188940784651184,-1.9459005204432613,-0.13442038864961192
1785495522.043516,3.0170791176057707,-1.9411309456742425,-0.13448257529316165
1785495522.143769,3.0184688452511583,-1.9401704876665178,-0.1346554342013691
1785495522.244072,3.0153671113836595,-1.9404997404041868,-0.13319563340198293
1785495522.344444,3.017364959609008,-1.943622906267903,-0.1356512308841638
1785495522.444097,3.0173204409492755,-1.938934221282003,-0.13319617553441504
1785495522.544343,3.005435251079659,-1.949826490796635,-0.13010405960763133
1785495522.643684,3.017973772642665,-1.942107042713179,-0.1313410875453167
1785495522.743927,3.0173641525270436,-1.9408852335950524,-0.13051087106924486
1785495522.843982,3.0221941909423804,-1.9450173844213194,-0.1361973735691447
1785495522.944347,3.0220506849341,-1.9457661110812192,-0.1352340595960827
1785495523.043669,3.0206155096681817,-1.9495180172769615,-0.13462996953718448
1785495523.144291,3.017429389527739,-1.9504779855522214,-0.13399664755118262
1785495523.244437,3.018538061453885,-1.948830520570574,-0.1333561833217211
1785495523.344693,3.0162689226592585,-1.9475607128286858,-0.1342050113425161
1785495523.443953,3.0203443240597934,-1.94461067989416,-0.1345443893580815
1785495523.544179,3.0196332290914514,-1.9435173308814848,-0.13471858256875086
1785495523.644187,3.022458848125135,-1.9463206677915703,-0.1374762611436316
1785495523.744321,3.021860373975299,-1.9466092522779626,-0.13691434829364058
1785495523.844635,3.0186428580488522,-1.9437314828158556,-0.13375891536356915
1785495523.944711,3.0213706921022414,-1.9435710470099334,-0.13505103082690334
1785495524.043858,3.021138788198766,-1.9455232208570328,-0.1350106831364431
1785495524.143998,3.0195739088821982,-1.9438889592795876,-0.13199760132092697
1785495524.244056,3.006597547315158,-1.9496612251670495,-0.13250989752442566
1785495524.344192,3.009414935590074,-1.946739986687946,-0.13384342425171747
1785495524.444226,3.024649813835317,-1.9619781324043835,-0.13889814215116542
1785495524.544424,3.019956246039981,-1.9603626814432966,-0.13622042956721053
1785495524.643392,3.0179715778941407,-1.9509943987753742,-0.13660583113623492
1785495524.743754,3.0169297266688067,-1.9526992153218337,-0.1361772481483512
1785495524.843931,3.021572663603291,-1.9570326341791497,-0.13614016386582384
1785495524.944239,3.022814841220145,-1.9473250305925958,-0.1337783532098975
1785495525.04445,3.0232036271376956,-1.9457633791046367,-0.1348225249956438
1785495525.143561,3.0223680545796614,-1.9457896686639156,-0.13581694741718564
1785495525.243712,3.024050496212675,-1.9464139376855283,-0.1365645591580371
1785495525.343747,3.0264364029812127,-1.9538475062786949,-0.13781312005517887
1785495525.44383,3.021070821516358,-1.950003124870433,-0.13658338793242714
1785495525.544107,3.0215243024001066,-1.950026801970036,-0.13632089533500175
1785495525.643062,3.023333972378426,-1.9451527649704499,-0.133105461415423
1785495525.74328,3.0209258590255583,-1.9495665083452614,-0.13432124644189936
1785495525.843273,3.023221361021276,-1.9509836675052026,-0.13798216304103067
1785495525.943603,3.0283748068819594,-1.9503393097243509,-0.1397818805821382
1785495526.043835,3.0282003070855983,-1.9469170385732155,-0.13817434078035973
1785495526.144069,3.031185512648196,-1.9487574442444164,-0.13631946651990612
1785495526.243256,3.0292365077208006,-1.9482789456428902,-0.1340015113828586
1785495526.343383,3.0280250047574473,-1.9477829286045167,-0.13303276983071566
1785495526.443796,3.0234591804258493,-1.9316915280517728,-0.12394585452079282
1785495526.543019,3.007055381806227,-1.915269697022233,-0.12477514727563749
1785495526.643163,3.0222697343211125,-1.9146052836108687,-0.1394712191885737
1785495526.74349,3.0301205286395643,-1.9169489469901477,-0.13479830585666286
1785495526.843552,3.024300421918264,-1.9346635172661957,-0.13532309919584784
1785495526.94367,3.0234657677434114,-1.940065379798628,-0.13681309517201928
1785495527.043925,3.0277809889975784,-1.9399155888878523,-0.1368256026690164
1785495527.144101,3.0312588862213308,-1.9426633583745292,-0.1387055505629768
1785495527.243152,3.029053694369175,-1.9396093539735237,-0.1372591022054353
1785495527.343538,3.0247676791830327,-1.9369235672332796,-0.13552403229961685
1785495527.443715,3.0193916407221884,-1.9421332475645863,-0.13502123490235496
1785495527.543937,3.0230473677790006,-1.9440254564573882,-0.13676871406170898
1785495527.64407,3.0279470440210425,-1.9453115568167225,-0.13937006485542658
1785495527.744208,3.0277418136023426,-1.946632775278762,-0.14000914264369652
1785495527.843397,3.026402166400532,-1.9475484449129838,-0.13860227766119754
1785495527.943689,3.0187873874960394,-1.9466040216455123,-0.13611413779172132
1785495528.044036,3.0164014170209783,-1.9412149279687527,-0.13469142224361047
1785495528.14415,3.016315860960919,-1.9457569294036599,-0.13861368261608575
1785495528.244207,3.0209471767055645,-1.9473409773473067,-0.138930230382535
1785495528.34329,3.0233427649925884,-1.9422084291055233,-0.13806132690944245
1785495528.443291,3.023700020155208,-1.9477020451820362,-0.13623716104943484
1785495528.543442,3.028817187837935,-1.9500329622270745,-0.1389087425785066
1785495528.643716,3.0314006899182777,-1.9483357815515454,-0.13671380092062163
1785495528.743685,3.026876227785032,-1.949292064659344,-0.1366684365952281
1785495528.842823,3.0241058122700792,-1.9454368910659248,-0.1350932397485784
1785495528.942887,3.0200958597594756,-1.9475782714519256,-0.13381038937689316
1785495529.042993,3.0217291051791313,-1.9457761829754634,-0.1358404178987454
1785495529.14319,3.022685608228703,-1.94556672913875,-0.13639807414934157
1785495529.243485,3.025107230120012,-1.9447518700197366,-0.13845805596637828
1785495529.343656,3.0295256913882325,-1.9430874074735625,-0.13944796533042247
1785495529.442902,3.0247571236696467,-1.9432942797509576,-0.1382727180890495
1785495529.543204,3.0187799519901457,-1.944267523067859,-0.13650909704764214
1785495529.643261,3.021598710094625,-1.944623342760386,-0.13791914138238032
1785495529.743336,3.021875524655699,-1.9482455257178464,-0.13680758812599447
1785495529.843441,3.0220210023053755,-1.9444753168838835,-0.13768399111039725
1785495529.942537,3.017521610903859,-1.9429988445420454,-0.13413522302946385
1785495530.042603,3.0179626684650804,-1.9433611660758483,-0.13630099127232143
1785495530.143018,3.0135467282728965,-1.9405196834185579,-0.13634480737077875
1785495530.243357,3.0201407385512806,-1.944116256914963,-0.134043122140021
1785495530.342643,3.0222430081088474,-1.948615184641654,-0.1358201987860786
1785495530.442947,3.0220149072438973,-1.9488132963646556,-0.13822772704063618
1785495530.542121,3.022761540437973,-1.9458308188235245,-0.13684008169336054
1785495530.642293,3.0289166517309947,-1.9450325698066553,-0.13922702409280452
1785495530.742451,3.026408123702298,-1.9431739546352491,-0.13896731751585178
1785495530.842724,3.0286192171730546,-1.9410201964680156,-0.1368461423830284
1785495530.942993,3.02745374793345,-1.9428704855976366,-0.1372055067268731
1785495531.042373,3.02448117768172,-1.944713314122125,-0.13879098082886993
1785495531.142514,3.023278692068281,-1.9435958375567086,-0.13764869414892844
1785495531.242699,3.024891166801854,-1.9473567293894414,-0.13625249551639929
1785495531.342822,3.021535633807434,-1.9449009688432966,-0.13525829486969393
1785495531.443302,3.025383341576481,-1.9524600842906836,-0.1382724192226943
1785495531.542588,3.023302458654954,-1.9528959933612018,-0.1363691731849812
1785495531.642842,3.020942222068969,-1.9519291372946317,-0.1350902508187941
1785495531.743147,3.023023990321675,-1.9549901301090322,-0.13652390088980992
1785495531.843357,3.027068101493471,-1.952678696558713,-0.13801719724293338
1785495531.943543,3.0250187369035424,-1.9545718457567962,-0.13896218304752384
1785495532.042687,3.0295758853554866,-1.9507321150859414,-0.139493602980708
1785495532.142911,3.027018375426426,-1.9536955725069665,-0.13689813983401733
1785495532.243109,3.028725463949871,-1.954473442525375,-0.13684040366792077
1785495532.343386,3.024975355928226,-1.9547472690162744,-0.13781476734896053
1785495532.44269,3.0351992524075397,-1.9556054767408537,-0.13903454622089917
1785495532.542721,3.030545330079931,-1.959081735799541,-0.13739162598187965
1785495532.64271,3.0302918916921757,-1.9517277843149041,-0.13852097579052097
1785495532.742863,3.032338104333779,-1.9495102934413242,-0.1359378045131326
1785495532.842946,3.032326643277494,-1.9509459544874237,-0.13477120023377787
1785495532.942985,3.0321073394557656,-1.9463937115867296,-0.13444689880705996
1785495533.04324,3.0333769857494395,-1.949655245358755,-0.13639479919178205
1785495533.142356,3.0380730715181445,-1.9474391732712355,-0.13589757910217198
1785495533.24244,3.036344789050401,-1.9540193463655549,-0.13840091666752957
1785495533.342719,3.0359476085914854,-1.954485606715235,-0.13952692859673943
1785495533.442874,3.0287352173080695,-1.9502467619834825,-0.136611634820962
1785495533.543083,3.027636664803494,-1.941246585305969,-0.13542297008400056
1785495533.642244,3.024670784880086,-1.9359498637357595,-0.13432750312306257
1785495533.742284,3.023784540966611,-1.9368242913875038,-0.13599649705789252
1785495533.842296,3.024860452609727,-1.9367366231673064,-0.13795896873523472
1785495533.943303,3.0243529226200634,-1.9391119777235584,-0.13772551837384728
1785495534.042402,3.0234879973244713,-1.9392167492690435,-0.13550101507361012
1785495534.142454,3.0289660503899714,-1.9352976411558576,-0.13429325856667673
1785495534.242629,3.033261254827189,-1.942669851429831,-0.1374132303312458
1785495534.342774,3.0325601496216184,-1.9392784539348928,-0.13765401256651538
1785495534.442024,3.0314862957151623,-1.938374568850176,-0.1360482284112089
1785495534.542992,3.0314812723381444,-1.9365530472080226,-0.1347430221897492
1785495534.642234,3.028397833160551,-1.9382806099644743,-0.13498218462610245
1785495534.742374,3.02804692771822,-1.9356627810464755,-0.13548170810147853
1785495534.842576,3.02207385719368,-1.9333241629050115,-0.13817725909046236
1785495534.942693,3.020267821548965,-1.9344857852794477,-0.13534366455000696
1785495535.041915,3.0232192135423634,-1.9378530869073636,-0.13699928552585422
1785495535.14209,3.023889447788678,-1.938569446344308,-0.1364710321669646
1785495535.242273,3.0253516486840777,-1.940454418835428,-0.1342732846930904
1785495535.342309,3.024068416855885,-1.9411006098382868,-0.1374283834063375
1785495535.442456,3.0229535513358226,-1.944237839450059,-0.13572797374646783
1785495535.542513,3.026117982862101,-1.9430978461961106,-0.13508922799380635
1785495535.642588,3.022797402825037,-1.9434939897903185,-0.13617933115689762
1785495535.741935,3.018568122972542,-1.9419563798484545,-0.1345022211944611
1785495535.841932,3.0123154859244625,-1.936929216630017,-0.13226209583362514
1785495535.942257,3.013533222846477,-1.9345904320842007,-0.13438772183008008
1785495536.042289,3.0150438843496032,-1.935034057229952,-0.1287671519941953
1785495536.142537,2.9821762864859918,-1.8950906102139828,-0.11958696685969639
1785495536.24277,2.9393891377955312,-1.9137387512570785,-0.10745265892122974
1785495536.342072,2.8932397109597368,-1.9444315164840658,-0.10674026391223201
1785495536.442212,2.7795704790210913,-1.8245847073918184,-0.09767198024486473
1785495536.54252,2.830982896834791,-1.8074821398094427,-0.06715140816357523
1785495536.642672,2.7636879820783853,-1.8047750319475755,-0.0596806817385413
1785495536.742815,2.6913196048468127,-1.7528062243878795,-0.08235902188311722
1785495536.841966,2.700814386547154,-1.7917831683879712,-0.08605584634580771
1785495536.942136,2.6795441571116556,-1.7723846735068847,-0.06352266840641996
1785495537.042121,2.6094841125188752,-1.732899866275242,-0.061673599416778135
1785495537.142155,2.5776759769626896,-1.7498256661382192,-0.06371749178714381
1785495537.242473,2.5467413192112813,-1.713400953286753,-0.05868368182877576
1785495537.342708,2.5246478280241935,-1.7004091533584382,-0.03746162115517582
1785495537.441882,2.459089904483537,-1.656623476584635,-0.03460400277967823
1785495537.542049,2.367179950611496,-1.6485010201611405,-0.039722491843082186
1785495537.642015,2.3478647419846674,-1.667463415203642,-0.05325518060293444
1785495537.742336,2.3487693426423877,-1.6781340541916487,-0.03903204087965656
1785495537.842366,2.3067213808281353,-1.6043167809046612,-0.016288091955555417
1785495537.942456,2.2512048844103276,-1.5637691420810926,-0.030397439133908022
1785495538.042646,2.2049857154106327,-1.5647331069148764,-0.013321643179617149
1785495538.142689,2.163921795438089,-1.513991149679636,-0.026854446801653165
1785495538.242931,2.1427080434526893,-1.58371299797211,-0.006512820533714159
1785495538.342949,2.0943944661198097,-1.520237247067702,0.030783961796161996
1785495538.442175,2.0436951699150137,-1.5213924353225812,0.027910655428956044
1785495538.542155,2.017091781020076,-1.4951333855003932,0.019834489500001384
1785495538.642354,2.0052949146181884,-1.4966740227990358,0.02679262370487856
1785495538.742532,1.9604405627245916,-1.4561491235784991,0.02109797448208456
1785495538.842628,1.9667888858883324,-1.4368980230344754,0.058672910569902925
1785495538.94278,1.9575603277996196,-1.382267615812913,0.047310265396698414
1785495539.042125,1.8802926553619805,-1.4091210808900954,0.09510258541923367
1785495539.142414,1.8776655001510911,-1.3729855407729246,0.09208346225889197
1785495539.242827,1.86423851738626,-1.35324254569086,0.07747994719651685
1785495539.342044,1.7948555270147946,-1.332412169428954,0.05629662914665168
1785495539.442134,1.7360534950096227,-1.352324917835772,0.09572997169572844
1785495539.542277,1.730749387326964,-1.3089041720272316,0.09759441341281427
1785495539.642303,1.616753511034416,-1.2809493811306487,0.09289577437761137
1785495539.742411,1.5634808162770903,-1.27263709936075,0.1010849899687164
1785495539.842477,1.6292124549677978,-1.283098664853181,0.11087495912132139
1785495539.942582,1.5868026313160157,-1.23726500663111,0.10979234894475948
1785495540.041894,1.5012115792339418,-1.241642999420901,0.1282044284751554
1785495540.142131,1.4242227512544292,-1.215547054122731,0.1551059507685954
1785495540.242521,1.3061189412468648,-1.1878007956314292,0.15228326218822708
1785495540.341925,1.2137278617171205,-1.1512683230698506,0.1429364128114439
1785495540.44211,1.2384181889001826,-1.173672520160926,0.13940517259607665
1785495540.542338,1.234820942901501,-1.1545350347709042,0.1571021326337149
1785495540.642561,1.197138693350368,-1.1468756871672277,0.155272646171286
1785495540.742696,1.1908194444842943,-1.1419847224424111,0.14247403419766938
1785495540.84195,1.1225357598125296,-1.1614717103879904,0.1457599090512124
1785495540.942256,1.0877446771600539,-1.1631565445162189,0.15645425734711163
1785495541.042241,1.0913365579844212,-1.120022015413477,0.15952191685713596
1785495541.142383,1.0182294350571515,-1.0617998644123714,0.16714966348833243
1785495541.242626,0.9634727935236617,-1.033734314882999,0.15402215682194492
1785495541.342783,0.9459893044372775,-1.087029019547207,0.13676510428502592
1785495541.442092,0.8801136925161595,-1.0173852754259263,0.16272442870707668
1785495541.542289,0.8576858819365649,-1.0031620491338864,0.16866393299080076
1785495541.642375,0.7468010500773412,-0.9676330685903833,0.15932541665949035
1785495541.742597,0.7057570524173697,-0.9354393210450156,0.17027207384059076
1785495541.84209,0.6833832310125646,-0.9269031701488726,0.18806798890131426
1785495541.942212,0.6665536326674815,-0.9154180194346846,0.1894562297353341
1785495542.042314,0.6170909936084882,-0.8852748618959284,0.18990635598052802
1785495542.142435,0.581313376138613,-0.8975243165946615,0.18516804446015014
1785495542.2417,0.5517822228262639,-0.8813090122803139,0.1914995256411536
1785495542.341916,0.4948255440520155,-0.8986810390130413,0.20467161694610778
1785495542.442148,0.4737732228769719,-0.8786161595663945,0.19172090881004944
1785495542.542377,0.4307602951546523,-0.8560869414838396,0.19486067795188108
1785495542.642613,0.3951079607652155,-0.860717261940507,0.20674433821609334
1785495542.742722,0.37271987416746055,-0.8433594930303485,0.20186780783578787
1785495542.841959,0.3427830078521341,-0.8430438092474781,0.20628667302928555
1785495542.942147,0.3209322519468469,-0.8707551102382286,0.20912738382006046
1785495543.041949,0.3393403359862585,-0.8669856702509777,0.21002752318119888
1785495543.142192,0.3399684580021441,-0.8588760563907832,0.20855665038786975
1785495543.242271,0.3857398479550864,-0.8865113196654197,0.1994314968300733
1785495543.341603,0.36605573178555717,-0.8615832013596129,0.20691331293377238
1785495543.441692,0.3640534684404439,-0.8662234229162857,0.20411037766915116
1785495543.541956,0.3581926964839458,-0.8625043826203946,0.20394653861552708
1785495543.641858,0.3545547684671214,-0.859948680030346,0.20665092110725194
1785495543.742127,0.35024684359469827,-0.8593328084005195,0.2029444587162941
1785495543.842,0.3444567066306124,-0.8620636034788912,0.20445546910093657
1785495543.942138,0.34470824479192363,-0.8619005193780059,0.20716454384379185
1785495544.042229,0.34235528567183937,-0.8542527380220003,0.20432578035289226
1785495544.141465,0.3421182778695533,-0.85537221654106,0.20352799107925656
1785495544.24167,0.3472475546313909,-0.8593691103636115,0.2064460881583928
1785495544.341825,0.34617623183321794,-0.8580867768318914,0.2054045617479385
1785495544.441857,0.3473191468476442,-0.8583829207305641,0.2101936412130491
1785495544.542045,0.34929347569816593,-0.8538694212546947,0.20985664974963053
1785495544.641303,0.3507970218758738,-0.8593127686924503,0.20606542369910133
1785495544.741516,0.350570457024475,-0.8609518247577063,0.20477189429905568
1785495544.841653,0.3499421621813241,-0.8608615254360992,0.20483605552701303
1785495544.941682,0.3519786367149376,-0.8572767818771807,0.20657098209423846
1785495545.041691,0.34784411649800084,-0.8599543776131346,0.204167053834898
1785495545.141921,0.3561511679016831,-0.8651448718987556,0.20518480537334124
1785495545.241031,0.35462796825493775,-0.8669469486627956,0.20554285330153838
1785495545.341226,0.352023888529711,-0.8652630702977537,0.20642335376319218
1785495545.441308,0.3514913755358345,-0.8601158879651035,0.20484077902123798
1785495545.541501,0.3531304273237124,-0.8594252398208746,0.2048147013012169
1785495545.640664,0.3559431567743052,-0.852527304124088,0.20170314599278144
1785495545.740759,0.3712307209671853,-0.8553294459940314,0.20651425006116295
1785495545.840857,0.3446534278379182,-0.8429612780553809,0.22515001574262086
1785495545.940898,0.3366597943778465,-0.8566032637681773,0.2114963159562997
1785495546.040826,0.2835892242413404,-0.8232596115089073,0.212720864447986
1785495546.140906,0.22693787385049474,-0.7738704277709315,0.20271657158946968
1785495546.241136,0.16423693905760306,-0.7858835081632496,0.2062458940992053
